StartDate,EndDate,Status,Progress,Duration (in seconds),Finished,RecordedDate,ResponseId,DistributionChannel,UserLanguage,Q1,prolific_id,Advice _1,Advice _2,Advice _3,Advice _4,Advice _5,Advice _6,Advice _7,Advice _8,Advice _9,Advice _10,Advice _11,Advice _12,Advice _13,Advice _14,Advice _15,Advice _16,AdviceSource - Other,Chatbot Interest _1,Questions for chatbo,Q80_1,Q80_2,Q80_3,Q80_4,Q80_5,Q80_6,Q57_1,Q83,Q82,Q81_1,Q81_2,Q81_3,Q81_4,Q81_5,Q81_6,Q108_1,Q103,Q115_1,Q115_2,Q115_3,Q115_4,Q115_5,Q115_6,Q115_7,Q115_8,Q115_9,Q115_10,Q115_11,Q115_12,Q115_13,Q115_14,Q115_15,Q115_16,Q116,Q117_1,Q118,Q119_1,Q119_2,Q119_3,Q119_4,Q119_5,Q119_6,Q120_1,Q121,Q122,Q123_1,Q123_2,Q123_3,Q123_4,Q123_5,Q123_6,Q124_1,Q125,Q74_1,Q74_2,Q74_3,Q74_4,Q74_5,Q74_6,Q74_7,Q74_8,Q74_9,Q74_10,Q74_11,Q74_12,Q98,Q88,Q89,Q90,Q91,Q92,Q93,Q94,Q95,Q96,Q97,Q99,Interest  _1,Interest  _2,Interest  _3,Interest  _4,Interest  _5,Interest  _6,Interest  _7,Curiosity_1,Curiosity_2,Curiosity_3,Curiosity_4,Curiosity_5,Curiosity_6,Curiosity_7,Q77,Q78,Age,Gender,Gender_6_TEXT,Trans,Race_Ethnicity_1,Race_Ethnicity_2,Race_Ethnicity_3,Race_Ethnicity_4,Race_Ethnicity_5,Race_Ethnicity_6,Race_Ethnicity_7,Race_Ethnicity_8,Race_Ethnicity_9,Race_Ethnicity_10,Race_Ethnicity_11,Race_Ethnicity_10_TEXT,Income,Education,Employment_1,Employment_2,Employment_3,Employment_4,Employment_5,Employment_6,Employment_7,Employment_8,Employment_9,SES,Political_party,Political_party_4_TEXT,Political_overall,Political_social,Political_economic,Sexual_orientation_1,Sexual_orientation_2,Sexual_orientation_11,Sexual_orientation_3,Sexual_orientation_4,Sexual_orientation_5,Sexual_orientation_6,Sexual_orientation_7,Sexual_orientation_8,Sexual_orientation_9,Sexual_orientation_8_TEXT,English,English_2_TEXT,Age_English,Marital_status_1,Marital_status_10,Marital_status_11,Marital_status_12,Marital_status_13,Marital_status_14,Marital_status_9,Marital_status_9_TEXT,Relationship,Religiosity,Spirituality,God,God_3_TEXT,Faith_1,Faith_10,Faith_11,Faith_12,Faith_13,Faith_2,Faith_3,Faith_6,Faith_8,Faith_8_TEXT,Services,Region,Feedback,PROLIFIC_PID,Top1,Create New Field or Choose From Dropdown...
Start Date,End Date,Response Type,Progress,Duration (in seconds),Finished,Recorded Date,Response ID,Distribution Channel,User Language,"You are invited to participate in a research study titled “Moral Curiosity in AI”. You were selected to participate in this project because you are an adult over age 18. This study is sponsored by Boston College and the Alfred P. Sloan Foundation.     The purpose of this study is to understand how we look for advice and guidance. This study will be conducted through this online survey. The survey should take you approximately 15 minutes to complete.    There are no direct benefits to you. However, you may feel gratified knowing that you helped further the scholarly work in this research area. You will be compensated approximately $2.50 for participating in this study. The exact  compensation amount will be determined by the average amount of time the survey takes across all participants, at a rate of $10/hour. There are no costs to you associated with your participation.  The Principal Investigator, Dr. Liane Young, and her research team at Boston College, will exert all reasonable efforts to keep your responses and your identity confidential. We may have access to, and may maintain in our data collection, your Prolific user ID. However, aside from your Prolific user ID, we will not maintain within our research data any information that uniquely identifies you, such as your name, location, or Internet Protocol (IP) address. In any report we publish, we will not include any information that will make it possible to identify a participant. Data that includes user-ID information will be collected and stored via the third-party server of Qualtrics. Data collected from the experiment will be coded to remove your name or any other personal identifiers. All records will be secured in a locked cabinet in our lab. The Institutional Review Board at Boston College and internal Boston College auditors may review the research records. State or federal laws or court orders may also require that information from research study records be released. Otherwise, the researchers will not release to others any information that could indicate your identity unless you give your permission, or unless the researchers become legally required to do so. Although the survey will not prompt you directly to identify yourself by name, email address or the like, the survey will include several demographic items that would prompt you to provide certain demographic information, such as your age, gender, ethnicity, education level and the like. In combination, responses to such questions could suggest your identity. Regardless, please know that the researchers will make no purposeful effort to discern your identity based on such information. Additionally, please note that you may opt to leave any such question blank.    Your participation is voluntary. If you choose not to participate it will not affect your relations with Boston College. Some questions on the survey, such as comprehension questions, may be required in order to complete the survey and receive compensation. However, you may still choose to end your participation in the study at any time. If you have questions or concerns concerning this research you may contact the Principal Investigator at 617-552-0240 or liane.young@bc.edu. If you have questions about your rights as a research participant, you may contact the Office for Research Protections, Boston College, at 617-552-4778 or irb@bc.edu.    If you agree to the statements above and agree to participate in this study, please press the “Consent given” button below.",,How much do you look toward each of the below sources for advice and guidance? - Social media,"How much do you look toward each of the below sources for advice and guidance? - Legacy media (e.g. newspaper, television)",How much do you look toward each of the below sources for advice and guidance? - Family,How much do you look toward each of the below sources for advice and guidance? - Friends,How much do you look toward each of the below sources for advice and guidance? - Colleagues and coworkers,How much do you look toward each of the below sources for advice and guidance? - Religion or spirituality,How much do you look toward each of the below sources for advice and guidance? - Influencers,How much do you look toward each of the below sources for advice and guidance? - Public figures,How much do you look toward each of the below sources for advice and guidance? - Internet search,How much do you look toward each of the below sources for advice and guidance? - Community leaders,How much do you look toward each of the below sources for advice and guidance? - Educators,How much do you look toward each of the below sources for advice and guidance? - Books,How much do you look toward each of the below sources for advice and guidance? - Historical figures,How much do you look toward each of the below sources for advice and guidance? - Online forum,How much do you look toward each of the below sources for advice and guidance? - Chatbot/ AI assistant,How much do you look toward each of the below sources for advice and guidance? - Yourself,List any other sources you look toward for advice and guidance not listed above,How interested would you be in looking toward a chatbot / AI assistant for advice and guidance? - 3,Please list any topics or domains you would ask a chatbot/ AI assistant questions about. Write down any questions coming to your mind.,You think the advice and guidance from the chatbot/ AI assistant would be ...  than the advice and guidance from an average human - Truthful,You think the advice and guidance from the chatbot/ AI assistant would be ...  than the advice and guidance from an average human - Useful,You think the advice and guidance from the chatbot/ AI assistant would be ...  than the advice and guidance from an average human - Ethical,You think the advice and guidance from the chatbot/ AI assistant would be ...  than the advice and guidance from an average human - Transparent,You think the advice and guidance from the chatbot/ AI assistant would be ...  than the advice and guidance from an average human - Easy to follow,You think the advice and guidance from the chatbot/ AI assistant would be ...  than the advice and guidance from an average human - Creative,"In principle, if we can design a chatbot/ AI assistant that gives better advice and guidance than an average person, how much do you think we should do it?","In your opinion, what is the best human source for you to look toward for advice and guidance?","If others, please specify","You think the advice and guidance from the chatbot/ AI assistant would be ...  than the advice and guidance from your best human source. (You chose ""[QID89-ChoiceGroup-SelectedChoices]"" in your previous answer.) - Truthful","You think the advice and guidance from the chatbot/ AI assistant would be ...  than the advice and guidance from your best human source. (You chose ""[QID89-ChoiceGroup-SelectedChoices]"" in your previous answer.) - Useful","You think the advice and guidance from the chatbot/ AI assistant would be ...  than the advice and guidance from your best human source. (You chose ""[QID89-ChoiceGroup-SelectedChoices]"" in your previous answer.) - Ethical","You think the advice and guidance from the chatbot/ AI assistant would be ...  than the advice and guidance from your best human source. (You chose ""[QID89-ChoiceGroup-SelectedChoices]"" in your previous answer.) - Transparent","You think the advice and guidance from the chatbot/ AI assistant would be ...  than the advice and guidance from your best human source. (You chose ""[QID89-ChoiceGroup-SelectedChoices]"" in your previous answer.) - Easy to follow","You think the advice and guidance from the chatbot/ AI assistant would be ...  than the advice and guidance from your best human source. (You chose ""[QID89-ChoiceGroup-SelectedChoices]"" in your previous answer.) - Creative","In principle, if we can design a chatbot/ AI assistant that gives better advice and guidance than your best human source, how much do you think we should do it? (You chose ""[QID89-ChoiceGroup-SelectedChoices]"" in your previous answer.) - In principle, if we can design a chatbot/ AI assistant that gives better advice and guidance than your best human source, how much do you think we should do it? (You chose ""${q://QID89/ChoiceGroup/SelectedChoices}"" in your previous answer.)","If you have anything else to add, please specify here.",How much do you look toward each of the below sources for moral advice and guidance? - Social media,"How much do you look toward each of the below sources for moral advice and guidance? - Legacy media (e.g. newspaper, television)",How much do you look toward each of the below sources for moral advice and guidance? - Family,How much do you look toward each of the below sources for moral advice and guidance? - Friends,How much do you look toward each of the below sources for moral advice and guidance? - Colleagues and coworkers,How much do you look toward each of the below sources for moral advice and guidance? - Religion or spirituality,How much do you look toward each of the below sources for moral advice and guidance? - Influencers,How much do you look toward each of the below sources for moral advice and guidance? - Public figures,How much do you look toward each of the below sources for moral advice and guidance? - Internet search,How much do you look toward each of the below sources for moral advice and guidance? - Community leaders,How much do you look toward each of the below sources for moral advice and guidance? - Educators,How much do you look toward each of the below sources for moral advice and guidance? - Books,How much do you look toward each of the below sources for moral advice and guidance? - Historical figures,How much do you look toward each of the below sources for moral advice and guidance? - Online forum,How much do you look toward each of the below sources for moral advice and guidance? - Chatbot/ AI assistant,How much do you look toward each of the below sources for moral advice and guidance? - Yourself,List any other sources you look toward for moral advice and guidance not listed above,How interested would you be in looking toward a chatbot / AI assistant for moral advice and guidance? - 3,Please list any moral topics or domains you would ask a chatbot/ AI assistant questions about. Write down any moral questions coming to your mind.,You think the moral advice and guidance from the chatbot/ AI assistant would be ...  than the moral advice and guidance from an average human - Truthful,You think the moral advice and guidance from the chatbot/ AI assistant would be ...  than the moral advice and guidance from an average human - Useful,You think the moral advice and guidance from the chatbot/ AI assistant would be ...  than the moral advice and guidance from an average human - Ethical,You think the moral advice and guidance from the chatbot/ AI assistant would be ...  than the moral advice and guidance from an average human - Transparent,You think the moral advice and guidance from the chatbot/ AI assistant would be ...  than the moral advice and guidance from an average human - Easy to follow,You think the moral advice and guidance from the chatbot/ AI assistant would be ...  than the moral advice and guidance from an average human - Creative,"In principle, if we can design a chatbot/ AI assistant that gives better moral advice and guidance than an average person, how much do you think we should do it?","In your opinion, what is the best human source for you to look toward for moral advice and guidance?","If others, please specify","You think the moral advice and guidance from the chatbot/ AI assistant would be ...  than the moral advice and guidance from your best human source. (You chose ""[QID121-ChoiceGroup-SelectedChoices]"" in your previous answer.) - Truthful","You think the moral advice and guidance from the chatbot/ AI assistant would be ...  than the moral advice and guidance from your best human source. (You chose ""[QID121-ChoiceGroup-SelectedChoices]"" in your previous answer.) - Useful","You think the moral advice and guidance from the chatbot/ AI assistant would be ...  than the moral advice and guidance from your best human source. (You chose ""[QID121-ChoiceGroup-SelectedChoices]"" in your previous answer.) - Ethical","You think the moral advice and guidance from the chatbot/ AI assistant would be ...  than the moral advice and guidance from your best human source. (You chose ""[QID121-ChoiceGroup-SelectedChoices]"" in your previous answer.) - Transparent","You think the moral advice and guidance from the chatbot/ AI assistant would be ...  than the moral advice and guidance from your best human source. (You chose ""[QID121-ChoiceGroup-SelectedChoices]"" in your previous answer.) - Easy to follow","You think the moral advice and guidance from the chatbot/ AI assistant would be ...  than the moral advice and guidance from your best human source. (You chose ""[QID121-ChoiceGroup-SelectedChoices]"" in your previous answer.) - Creative","In principle, if we can design a chatbot/ AI assistant that gives better moral advice and guidance than your best human source, how much do you think we should do it? (You chose ""[QID121-ChoiceGroup-SelectedChoices]"" in your previous answer.) - In principle, if we can design a chatbot/ AI assistant that gives better moral advice and guidance than your best human source, how much do you think we should do it? (You chose ""${q://QID121/ChoiceGroup/SelectedChoices}"" in your previous answer.)","If you have anything else to add, please specify here.",Should the chatbot/ AI assistant learn from the below sources? - Wikipedia,Should the chatbot/ AI assistant learn from the below sources? - Religious scripts,Should the chatbot/ AI assistant learn from the below sources? - Philosophy,Should the chatbot/ AI assistant learn from the below sources? - Laws and regulations,"Should the chatbot/ AI assistant learn from the below sources? - Legacy media (e.g. newspaper, television)",Should the chatbot/ AI assistant learn from the below sources? - Academic journals,Should the chatbot/ AI assistant learn from the below sources? - Online forums,Should the chatbot/ AI assistant learn from the below sources? - Social Media,Should the chatbot/ AI assistant learn from the below sources? - History,Should the chatbot/ AI assistant learn from the below sources? - Public figures,Should the chatbot/ AI assistant learn from the below sources? - Historical figures,Should the chatbot/ AI assistant learn from the below sources? - Others,Name the most important sources not listed above that the chatbot/ AI assistant should learn from,Name the most important religious scripts the chatbot/ AI assistant should learn from,Name the most important schools of philosophy the chatbot/ AI assistant should learn from,Name the most important laws or regulations the chatbot/ AI assistant should learn from,Name the most important legacy media the chatbot/ AI assistant should learn from,Name the most important academic journals the chatbot/ AI assistant should learn from,Name the most important online forums the chatbot/ AI assistant should learn from,Name the most important social media contents the chatbot/ AI assistant should learn from,Name the most important historical facts the chatbot/ AI assistant should learn from,Name the most important public figures the chatbot/ AI assistant should learn from,Name the most important historical figures the chatbot/ AI assistant should learn from,What is the single most important source that a chatbot/ AI assistant should learn from?,Imagine you meet a person who lives by [QID105-ChoiceTextEntryValue] - How much would you like this person?,Imagine you meet a person who lives by [QID105-ChoiceTextEntryValue] - How much would you respect this person?,Imagine you meet a person who lives by [QID105-ChoiceTextEntryValue] - How much would you want to interact with this person?,Imagine you meet a person who lives by [QID105-ChoiceTextEntryValue] - How much would you want to seek this person's advice and guidance?,Imagine you meet a person who lives by [QID105-ChoiceTextEntryValue] - How much would you want to seek this person's moral advice and guidance?,Imagine you meet a person who lives by [QID105-ChoiceTextEntryValue] - How much would you follow this person's advice and guidance?,Imagine you meet a person who lives by [QID105-ChoiceTextEntryValue] - How much would you follow this person's moral advice and guidance?,Imagine a chatbot/ AI assistant is solely trained on [QID105-ChoiceTextEntryValue] - How much would you like this chatbot/ AI assistant?,Imagine a chatbot/ AI assistant is solely trained on [QID105-ChoiceTextEntryValue] - How much would you take this chatbot/ AI assistant seriously?,Imagine a chatbot/ AI assistant is solely trained on [QID105-ChoiceTextEntryValue] - How much would you want to interact with this chatbot/ AI assistant?,Imagine a chatbot/ AI assistant is solely trained on [QID105-ChoiceTextEntryValue] - How much would you want to seek advice and guidance from this chatbot /AI assistant?,Imagine a chatbot/ AI assistant is solely trained on [QID105-ChoiceTextEntryValue] - How much would you want to seek moral advice and guidance from this chatbot /AI assistant?,Imagine a chatbot/ AI assistant is solely trained on [QID105-ChoiceTextEntryValue] - How much would you follow the advice and guidance from  this chatbot / AI assistant?,Imagine a chatbot/ AI assistant is solely trained on [QID105-ChoiceTextEntryValue] - How much would you follow the moral advice and guidance from  this chatbot / AI assistant?,Please list any topics or domains you would ask questions about to a chatbot/ AI assistant solely trained on [QID105-ChoiceTextEntryValue]. Write down any questions coming to your mind.,Please list any moral topics of domains you would ask questions about to a chatbot/ AI assistant solely trained on [QID105-ChoiceTextEntryValue]. Write down any moral questions coming to your mind.,What is your age (in years)?,With which gender do you identify? - Selected Choice,With which gender do you identify? - An identity not listed - Text,Do you identify as transgender?,Please indicate how you identify yourself (Choose all that apply). - Selected Choice - Black or African American,Please indicate how you identify yourself (Choose all that apply). - Selected Choice - East Asian,Please indicate how you identify yourself (Choose all that apply). - Selected Choice - Hispanic or Latina/o/x/e,"Please indicate how you identify yourself (Choose all that apply). - Selected Choice - Indigenous American, American Indian, or Alaska Native",Please indicate how you identify yourself (Choose all that apply). - Selected Choice - Middle Eastern or North African,Please indicate how you identify yourself (Choose all that apply). - Selected Choice - Native Hawaiian or other Pacific Islander,Please indicate how you identify yourself (Choose all that apply). - Selected Choice - South Asian,Please indicate how you identify yourself (Choose all that apply). - Selected Choice - Southeast Asian,Please indicate how you identify yourself (Choose all that apply). - Selected Choice - White,Please indicate how you identify yourself (Choose all that apply). - Selected Choice - Other,Please indicate how you identify yourself (Choose all that apply). - Selected Choice - Prefer not to disclose,Please indicate how you identify yourself (Choose all that apply). - Other - Text,What is your household income per year?,"What is the highest level of education you have received? (If you’re currently enrolled in school, please indicate the highest degree you have received. )",What is your current employment status? - Employed full time (32 hours or more a week),What is your current employment status? - Employed part time (up to 31 hours a week),What is your current employment status? - Unemployed and currently looking for work,What is your current employment status? - Unemployed and not currently looking for work,What is your current employment status? - Student,What is your current employment status? - Retired,What is your current employment status? - Homemaker,What is your current employment status? - Self-employed,What is your current employment status? - Unable to work,"Think of this ladder as representing where people stand in the United States. At the top of the ladder are the people who have the most money, most education, and most respected jobs. At the bottom are the people who have the least money, least education, and least respected jobs/ no job. The higher up you are on this ladder, the closer you are to the people at the very top. The lower you are, the closer you are to the people at the very bottom.          Please indicate below where you would place yourself on this ladder.","In politics today, do you consider yourself a: - Selected Choice","In politics today, do you consider yourself a: - Something else - Text","Politically, how liberal or conservative are you?","Politically, how liberal or conservative are you in terms of social issues?","Politically, how liberal or conservative are you in terms of economic issues?",What is your sexual orientation? Choose all that apply. - Selected Choice - Asexual,What is your sexual orientation? Choose all that apply. - Selected Choice - Bisexual,What is your sexual orientation? Choose all that apply. - Selected Choice - Pansexual,What is your sexual orientation? Choose all that apply. - Selected Choice - Gay,What is your sexual orientation? Choose all that apply. - Selected Choice - Straight (heterosexual),What is your sexual orientation? Choose all that apply. - Selected Choice - Lesbian,What is your sexual orientation? Choose all that apply. - Selected Choice - Queer,What is your sexual orientation? Choose all that apply. - Selected Choice - Questioning,What is your sexual orientation? Choose all that apply. - Selected Choice - An identity not listed,What is your sexual orientation? Choose all that apply. - Selected Choice - Prefer not to disclose,What is your sexual orientation? Choose all that apply. - An identity not listed - Text,What was the first language you learned to speak? - Selected Choice,What was the first language you learned to speak? - Other - Text,At what age did you first learn English?,What is your marital status? - Selected Choice - Now married,What is your marital status? - Selected Choice - Now in a legal domestic partnership,What is your marital status? - Selected Choice - Widowed,What is your marital status? - Selected Choice - Divorced,What is your marital status? - Selected Choice - Separated,What is your marital status? - Selected Choice - Never married,What is your marital status? - Selected Choice - Other,What is your marital status? - Other - Text,What is your current status?,To what extent do you consider yourself to be religious?,To what extent do you consider yourself to be spiritual?,Do you believe in God? - Selected Choice,Do you believe in God? - Other - Text,Which of the following religious affiliations do you identify with? - Selected Choice - Agnostic,Which of the following religious affiliations do you identify with? - Selected Choice - Atheist,Which of the following religious affiliations do you identify with? - Selected Choice - Buddhist,Which of the following religious affiliations do you identify with? - Selected Choice - Christian,Which of the following religious affiliations do you identify with? - Selected Choice - Hindu,Which of the following religious affiliations do you identify with? - Selected Choice - Jewish,Which of the following religious affiliations do you identify with? - Selected Choice - Muslim,Which of the following religious affiliations do you identify with? - Selected Choice - Sikh,Which of the following religious affiliations do you identify with? - Selected Choice - Other,Which of the following religious affiliations do you identify with? - Other - Text,How often do you attend religious services?,Which of the following best describes the area in which you live?,"If you have any other thoughts about the survey, please share here.",,Top1,Create New Field or Choose From Dropdown...
"{""ImportId"":""startDate"",""timeZone"":""America/New_York""}","{""ImportId"":""endDate"",""timeZone"":""America/New_York""}","{""ImportId"":""status""}","{""ImportId"":""progress""}","{""ImportId"":""duration""}","{""ImportId"":""finished""}","{""ImportId"":""recordedDate"",""timeZone"":""America/New_York""}","{""ImportId"":""_recordId""}","{""ImportId"":""distributionChannel""}","{""ImportId"":""userLanguage""}","{""ImportId"":""QID1320238730""}",,"{""ImportId"":""QID41_4""}","{""ImportId"":""QID41_19""}","{""ImportId"":""QID41_11""}","{""ImportId"":""QID41_12""}","{""ImportId"":""QID41_13""}","{""ImportId"":""QID41_9""}","{""ImportId"":""QID41_8""}","{""ImportId"":""QID41_21""}","{""ImportId"":""QID41_5""}","{""ImportId"":""QID41_14""}","{""ImportId"":""QID41_15""}","{""ImportId"":""QID41_16""}","{""ImportId"":""QID41_6""}","{""ImportId"":""QID41_7""}","{""ImportId"":""QID41_10""}","{""ImportId"":""QID41_17""}","{""ImportId"":""QID45_TEXT""}","{""ImportId"":""QID46_3""}","{""ImportId"":""QID61_TEXT""}","{""ImportId"":""QID86_2""}","{""ImportId"":""QID86_3""}","{""ImportId"":""QID86_4""}","{""ImportId"":""QID86_5""}","{""ImportId"":""QID86_8""}","{""ImportId"":""QID86_9""}","{""ImportId"":""QID63_15""}","{""ImportId"":""QID89""}","{""ImportId"":""QID88_TEXT""}","{""ImportId"":""QID87_2""}","{""ImportId"":""QID87_3""}","{""ImportId"":""QID87_4""}","{""ImportId"":""QID87_5""}","{""ImportId"":""QID87_8""}","{""ImportId"":""QID87_9""}","{""ImportId"":""QID114_15""}","{""ImportId"":""QID109_TEXT""}","{""ImportId"":""QID115_4""}","{""ImportId"":""QID115_19""}","{""ImportId"":""QID115_11""}","{""ImportId"":""QID115_12""}","{""ImportId"":""QID115_13""}","{""ImportId"":""QID115_9""}","{""ImportId"":""QID115_8""}","{""ImportId"":""QID115_21""}","{""ImportId"":""QID115_5""}","{""ImportId"":""QID115_14""}","{""ImportId"":""QID115_15""}","{""ImportId"":""QID115_16""}","{""ImportId"":""QID115_6""}","{""ImportId"":""QID115_7""}","{""ImportId"":""QID115_10""}","{""ImportId"":""QID115_17""}","{""ImportId"":""QID116_TEXT""}","{""ImportId"":""QID117_3""}","{""ImportId"":""QID118_TEXT""}","{""ImportId"":""QID119_2""}","{""ImportId"":""QID119_3""}","{""ImportId"":""QID119_4""}","{""ImportId"":""QID119_5""}","{""ImportId"":""QID119_8""}","{""ImportId"":""QID119_9""}","{""ImportId"":""QID120_15""}","{""ImportId"":""QID121""}","{""ImportId"":""QID122_TEXT""}","{""ImportId"":""QID123_2""}","{""ImportId"":""QID123_3""}","{""ImportId"":""QID123_4""}","{""ImportId"":""QID123_5""}","{""ImportId"":""QID123_8""}","{""ImportId"":""QID123_9""}","{""ImportId"":""QID124_15""}","{""ImportId"":""QID125_TEXT""}","{""ImportId"":""QID80_1""}","{""ImportId"":""QID80_2""}","{""ImportId"":""QID80_3""}","{""ImportId"":""QID80_5""}","{""ImportId"":""QID80_6""}","{""ImportId"":""QID80_7""}","{""ImportId"":""QID80_10""}","{""ImportId"":""QID80_17""}","{""ImportId"":""QID80_16""}","{""ImportId"":""QID80_13""}","{""ImportId"":""QID80_19""}","{""ImportId"":""QID80_20""}","{""ImportId"":""QID104_TEXT""}","{""ImportId"":""QID94_TEXT""}","{""ImportId"":""QID95_TEXT""}","{""ImportId"":""QID96_TEXT""}","{""ImportId"":""QID97_TEXT""}","{""ImportId"":""QID98_TEXT""}","{""ImportId"":""QID99_TEXT""}","{""ImportId"":""QID100_TEXT""}","{""ImportId"":""QID101_TEXT""}","{""ImportId"":""QID102_TEXT""}","{""ImportId"":""QID103_TEXT""}","{""ImportId"":""QID105_TEXT""}","{""ImportId"":""QID81_4""}","{""ImportId"":""QID81_9""}","{""ImportId"":""QID81_2""}","{""ImportId"":""QID81_1""}","{""ImportId"":""QID81_7""}","{""ImportId"":""QID81_6""}","{""ImportId"":""QID81_8""}","{""ImportId"":""QID82_4""}","{""ImportId"":""QID82_9""}","{""ImportId"":""QID82_6""}","{""ImportId"":""QID82_1""}","{""ImportId"":""QID82_7""}","{""ImportId"":""QID82_5""}","{""ImportId"":""QID82_8""}","{""ImportId"":""QID83_TEXT""}","{""ImportId"":""QID84_TEXT""}","{""ImportId"":""QID1320238763_TEXT""}","{""ImportId"":""QID1320238764""}","{""ImportId"":""QID1320238764_6_TEXT""}","{""ImportId"":""QID1320238765""}","{""ImportId"":""QID1320238766"",""choiceId"":""1""}","{""ImportId"":""QID1320238766"",""choiceId"":""2""}","{""ImportId"":""QID1320238766"",""choiceId"":""3""}","{""ImportId"":""QID1320238766"",""choiceId"":""4""}","{""ImportId"":""QID1320238766"",""choiceId"":""5""}","{""ImportId"":""QID1320238766"",""choiceId"":""6""}","{""ImportId"":""QID1320238766"",""choiceId"":""7""}","{""ImportId"":""QID1320238766"",""choiceId"":""8""}","{""ImportId"":""QID1320238766"",""choiceId"":""9""}","{""ImportId"":""QID1320238766"",""choiceId"":""10""}","{""ImportId"":""QID1320238766"",""choiceId"":""11""}","{""ImportId"":""QID1320238766_7_TEXT""}","{""ImportId"":""QID1320238767""}","{""ImportId"":""QID1320238768""}","{""ImportId"":""QID1320238769"",""choiceId"":""1""}","{""ImportId"":""QID1320238769"",""choiceId"":""2""}","{""ImportId"":""QID1320238769"",""choiceId"":""3""}","{""ImportId"":""QID1320238769"",""choiceId"":""4""}","{""ImportId"":""QID1320238769"",""choiceId"":""5""}","{""ImportId"":""QID1320238769"",""choiceId"":""6""}","{""ImportId"":""QID1320238769"",""choiceId"":""7""}","{""ImportId"":""QID1320238769"",""choiceId"":""8""}","{""ImportId"":""QID1320238769"",""choiceId"":""9""}","{""ImportId"":""QID1320238770""}","{""ImportId"":""QID1320238771""}","{""ImportId"":""QID1320238771_4_TEXT""}","{""ImportId"":""QID1320238772""}","{""ImportId"":""QID1320238773""}","{""ImportId"":""QID1320238774""}","{""ImportId"":""QID1320238775"",""choiceId"":""1""}","{""ImportId"":""QID1320238775"",""choiceId"":""2""}","{""ImportId"":""QID1320238775"",""choiceId"":""11""}","{""ImportId"":""QID1320238775"",""choiceId"":""3""}","{""ImportId"":""QID1320238775"",""choiceId"":""4""}","{""ImportId"":""QID1320238775"",""choiceId"":""5""}","{""ImportId"":""QID1320238775"",""choiceId"":""6""}","{""ImportId"":""QID1320238775"",""choiceId"":""7""}","{""ImportId"":""QID1320238775"",""choiceId"":""8""}","{""ImportId"":""QID1320238775"",""choiceId"":""9""}","{""ImportId"":""QID1320238775_8_TEXT""}","{""ImportId"":""QID1320238776""}","{""ImportId"":""QID1320238776_2_TEXT""}","{""ImportId"":""QID1320238777_TEXT""}","{""ImportId"":""QID1320238778"",""choiceId"":""1""}","{""ImportId"":""QID1320238778"",""choiceId"":""10""}","{""ImportId"":""QID1320238778"",""choiceId"":""11""}","{""ImportId"":""QID1320238778"",""choiceId"":""12""}","{""ImportId"":""QID1320238778"",""choiceId"":""13""}","{""ImportId"":""QID1320238778"",""choiceId"":""14""}","{""ImportId"":""QID1320238778"",""choiceId"":""9""}","{""ImportId"":""QID1320238778_9_TEXT""}","{""ImportId"":""QID1320238779""}","{""ImportId"":""QID1320238780""}","{""ImportId"":""QID1320238781""}","{""ImportId"":""QID1320238782""}","{""ImportId"":""QID1320238782_3_TEXT""}","{""ImportId"":""QID1320238783"",""choiceId"":""1""}","{""ImportId"":""QID1320238783"",""choiceId"":""10""}","{""ImportId"":""QID1320238783"",""choiceId"":""11""}","{""ImportId"":""QID1320238783"",""choiceId"":""12""}","{""ImportId"":""QID1320238783"",""choiceId"":""13""}","{""ImportId"":""QID1320238783"",""choiceId"":""2""}","{""ImportId"":""QID1320238783"",""choiceId"":""3""}","{""ImportId"":""QID1320238783"",""choiceId"":""6""}","{""ImportId"":""QID1320238783"",""choiceId"":""8""}","{""ImportId"":""QID1320238783_8_TEXT""}","{""ImportId"":""QID1320238784""}","{""ImportId"":""QID1320238785""}","{""ImportId"":""QID57_TEXT""}",,"{""ImportId"":""Top1""}","{""ImportId"":""Create New Field or Choose From Dropdown...""}"
2024-12-14 04:59:28,2024-12-14 05:07:59,1,100,511,1,2024-12-14 05:08:00,R_1JDRucN9CUPCh5n,preview,EN,,,,,,,,,,,,,,,,,,,,,,,,,,,,,,,,,,,,,,,,,,,,,,,,,,,,,,,,,,,,,,,,,,,,,,,,,,,,,,,,,,,,,,,,,,,,,,,,,,,,,,,,,,,,,,,,,,,,,,,,,,,,,,,,,,,,,,,,,,,,,,,,,,,,,,,,,,,,,,,,,,,,,,,,,,,,,,,,,,,,,,,,,,,,,,
2024-12-19 16:57:19,2024-12-19 17:15:13,1,100,1073,1,2024-12-19 17:15:13,R_5uGMxi11Xh84MlX,preview,EN,5,,2,1,1,4,3,1,1,,3,3,3,1,1,1,1,3,,1,"i would ask it for facts or to summarize something, but i wouldn't ask it for advice on something important",2,1,1,1,3,1,,116,,1,1,1,1,1,1,,,,,,,,,,,,,,,,,,,,,,,,,,,,,,,,,,,,,,,2,1,4,4,1,2,1,1,4,2,2,1,,,i don't really have one in mind,any law that applies to the location of the user,,,,,,,,utilitarianism,3,3,4,3,3,3,3,1,1,1,1,1,1,1,ask about facts or to summarize text,"random stuff out of curiosity, but wouldn't take advice",24,1,,2,,,,,,,,,1,,,,,5,1,,,,,,,,,6,2,,1,1,1,,,,,1,,,,,,,1,,,,,,,,1,,,2,1,1,2,,,,,,,,,,,,6,1,,,,
2024-12-20 10:33:04,2024-12-20 10:44:42,1,100,698,1,2024-12-20 10:44:43,R_7C8SiLmBAUKGTHX,preview,EN,5,,4,1,3,5,4,1,2,,4,1,2,4,1,4,1,3,,2,I needed help with a hard conversation with my friend so I asked a chatbot to help me come up with ways to start that conversation.,4,2,2,4,1,2,,116,,2,1,2,3,3,1,,,,,,,,,,,,,,,,,,,,,,,,,,,,,,,,,,,,,,,3,1,4,3,3,2,3,3,3,1,1,1,,,I feel weird saying one; the point was it should know about all of them and choosing one defeats the purpose of including them at all. My personal preference is probably moral particularism.,,,,,,,,,I guess philosophy?,3,4,3,3,2,2,2,3,2,1,1,1,1,1,Conversation starters,Nothing,23,3,,2,,1,,,,,,,,,,,6,5,1,,,,,,,,,6,1,,1,1,1,,1,,,,,,,,,,1,,,,,,,,1,,,1,1,1,2,,,1,,,,,,,,,6,2,,,,
2025-01-09 11:33:45,2025-01-09 11:33:50,1,100,5,1,2025-01-09 11:33:51,R_5DqnXqODziu4FLY,preview,EN,4,,,,,,,,,,,,,,,,,,,,,,,,,,,,,,,,,,,,,,,,,,,,,,,,,,,,,,,,,,,,,,,,,,,,,,,,,,,,,,,,,,,,,,,,,,,,,,,,,,,,,,,,,,,,,,,,,,,,,,,,,,,,,,,,,,,,,,,,,,,,,,,,,,,,,,,,,,,,,,,,,,,,,,,,,,,,,,,,,,,,,,,,,,,,,
2025-01-09 15:43:22,2025-01-09 15:43:26,0,100,3,1,2025-01-09 15:43:27,R_1LbrLWbsMoBQJpv,anonymous,EN,4,,,,,,,,,,,,,,,,,,,,,,,,,,,,,,,,,,,,,,,,,,,,,,,,,,,,,,,,,,,,,,,,,,,,,,,,,,,,,,,,,,,,,,,,,,,,,,,,,,,,,,,,,,,,,,,,,,,,,,,,,,,,,,,,,,,,,,,,,,,,,,,,,,,,,,,,,,,,,,,,,,,,,,,,,,,,,,,,,,,,,,,,,,,,,
2025-01-09 15:54:47,2025-01-09 15:54:57,0,100,10,1,2025-01-09 15:54:57,R_3vFjeF9Hh5Nck1P,anonymous,EN,4,,,,,,,,,,,,,,,,,,,,,,,,,,,,,,,,,,,,,,,,,,,,,,,,,,,,,,,,,,,,,,,,,,,,,,,,,,,,,,,,,,,,,,,,,,,,,,,,,,,,,,,,,,,,,,,,,,,,,,,,,,,,,,,,,,,,,,,,,,,,,,,,,,,,,,,,,,,,,,,,,,,,,,,,,,,,,,,,,,,,,,,,,,,,,
2025-01-09 15:50:30,2025-01-09 15:58:18,0,100,468,1,2025-01-09 15:58:18,R_5iJaAyzt0vudl4q,anonymous,EN,5,,3,2,3,4,5,4,1,2,5,4,4,3,2,3,2,5,,3,maybe on the best ways to apply to residency,4,4,2,4,4,1,3,115,,4,4,2,4,4,1,3,,2,1,4,5,5,4,1,2,5,3,2,3,2,4,3,5,,3,whether abortion is anti religion or not,4,4,2,4,4,1,3,127,,3,4,4,3,3,4,4,,4,4,2,4,1,3,4,1,2,2,2,1,,the psalms,,HIPPA,,,reddit,,,,,pubmed,4,5,3,4,3,5,5,4,4,4,4,4,4,4,help on EKGs,hospice care,31,2,,2,,,1,,,,,,1,,,,1,6,,,,,1,,,,,4,1,,5,4,6,,,,,1,,,,,,,2,spanish,6,1,,,,,,,,1,3,3,1,,,,,1,,,,,,,4,1,"no, thank you",,,
2025-01-09 15:51:18,2025-01-09 15:59:54,0,100,515,1,2025-01-09 15:59:54,R_17vdxyOc5diQMMe,anonymous,EN,5,,3,3,4,4,3,4,2,2,5,3,4,5,4,5,3,5,,4,what's the quickest way to make money? How do you off your credit card debt fast?,4,4,3,4,4,4,3,115,,2,2,2,2,2,2,3,,2,2,5,5,1,5,2,3,4,3,4,5,5,4,3,4,,3,,3,3,4,3,3,3,2,115,,3,4,3,4,4,3,2,,2,4,4,3,2,3,4,2,5,3,4,2,,,,,,,,,,,,How to cook certain food,4,4,4,4,4,4,4,4,4,4,4,4,4,4,How to fight to defend yourself and others,,31,1,,2,1,,,,,,,,,,,,5,4,,1,,,,,,,,10,3,,6,5,5,,,,,1,,,,,,,1,,,,,,,,1,,,1,4,3,1,,,,,1,,,,,,,3,2,none,,,
2025-01-09 15:50:47,2025-01-09 16:00:00,0,100,552,1,2025-01-09 16:00:01,R_102EBnFdJGD1MpP,anonymous,EN,5,,3,3,4,4,3,2,2,4,4,1,4,4,2,3,3,5,,4,Wikipedia,3,4,3,4,4,5,3,121,,5,4,4,4,4,4,4,,2,2,3,4,3,2,3,3,4,4,3,4,3,4,4,5,,4,,4,4,3,4,4,3,3,116,,4,4,3,4,4,3,2,,4,2,3,5,2,3,3,3,4,4,3,3,Bing.com,,,Court Laws,X (Twitter),,,,Wikipedia,Martin Luther King Jr.,,Google,4,3,3,4,4,3,3,5,5,5,3,5,4,4,Travel Spreadsheet Tips,The ethics of religious dogma,28,1,,2,,,,,,,,,1,,,,5,3,1,,,,,,,,,4,1,,5,4,4,,,,,1,,,,,,,1,,,,,,,,1,,,1,2,3,1,,,,1,1,,,,,,,4,1,N/A,,,
2025-01-09 15:52:16,2025-01-09 16:00:06,0,100,470,1,2025-01-09 16:00:07,R_5cYXpkEalQOB3Ky,anonymous,EN,5,,1,1,3,3,3,1,1,2,3,3,4,4,3,1,2,5,,3,"Buying a car, gaming information, historical facts",3,3,3,3,3,1,3,122,,2,2,2,2,3,1,3,,1,1,5,5,4,1,1,3,1,2,4,3,3,1,1,5,,3,I really would not ask a chatbot anything related to morality.,1,1,1,1,1,1,1,115,,1,1,1,2,2,1,1,,1,1,4,5,2,5,2,2,5,3,5,1,,,Nihilism,Criminal conduct,None,Not sure,,,All of them,,All of them,Historical record,4,4,4,4,3,3,3,3,3,3,3,3,3,3,"Presidential history, war history, cultural history",None,48,1,,2,,,,,,,,,1,,,,10,4,1,,,,,,,,,6,3,,4,4,4,,,,,1,,,,,,,1,,,1,,,,,,,,2,1,3,2,,1,,,,,,,,,,6,1,,,,
2025-01-09 15:51:42,2025-01-09 16:00:48,0,100,546,1,2025-01-09 16:00:49,R_5OU70MwYrlFRbta,anonymous,EN,5,,1,2,2,2,4,1,1,2,4,2,3,3,2,2,2,3,,4,"I use chatbots a lot in my day to day work, however if its something I am unfamiliar about I definately think its necessary to fact check them. They are very often wrong but are helpful.",3,3,1,1,4,4,5,122,,1,2,1,1,3,2,5,,1,2,3,3,1,1,1,1,3,2,3,3,2,2,2,3,,4,Nothing at the moment.,1,1,1,1,3,1,5,127,,1,1,1,1,4,1,5,,4,2,5,5,5,5,2,2,5,2,3,3,Not sure.,,All of them.,All of them.,All of them.,"Well reviewed ones, don't include bad science.",,,All of them.,,,The internet.,5,5,5,5,5,5,5,3,3,5,5,2,4,2,"Mostly coding help, which is what I mainly use them for now.","Relationships, working with coworkers, working with family",32,1,,2,,,,,,,,,1,,,,8,5,,,,,,,,1,,6,3,,3,3,3,,,,,1,,,,,,,1,,,,,,,,1,,,1,1,1,2,,1,,,,,,,,,,6,1,I felt like you were asking for too much for this level of pay. The estimated time and rate was not near long enough / paid enough to give the type of detailed answers that it seemed you were looking for.,,,
2025-01-09 15:52:48,2025-01-09 16:00:58,0,100,489,1,2025-01-09 16:00:58,R_58BOphIlfiidSXE,anonymous,EN,5,,1,3,5,3,2,1,1,4,4,4,4,5,5,3,1,3,Documentaries,2,How to write code,4,4,3,3,4,2,3,122,,2,2,2,2,2,2,3,,1,2,4,2,1,1,1,1,1,1,3,1,3,1,1,4,,1,I wouldn't ask AI about morals,1,1,1,1,1,1,1,115,,1,1,1,1,1,1,1,,1,1,1,4,1,4,1,1,4,1,2,1,,,,Human Rights,,Bill of Rights,,,Freedom,,,Human Rights,3,4,3,4,4,4,4,2,2,2,2,2,2,2,How would people deal with this problem effciently,I wouldn't ask any,19,1,,2,,,,,,,,,1,,,,7,2,,,,,1,,,,,7,1,,6,5,6,,,,,1,,,,,,,1,,,,,,,,1,,,1,3,2,1,,,,,1,,,,,,,6,2,,,,
2025-01-09 15:53:32,2025-01-09 16:02:09,0,100,516,1,2025-01-09 16:02:09,R_7lYBm7eBnBP61SV,anonymous,EN,5,,2,3,3,3,2,3,2,2,3,3,2,4,2,3,2,4,,2,I would probably ask it to make list for me as I am very unorganized,3,2,2,3,3,2,2,127,,2,2,2,2,2,2,2,,2,2,5,4,2,4,2,2,3,2,2,5,2,2,1,5,,1,I don't think I would as ai for moral advice because I feel like morals are reserved for humans and ai is not human,2,1,1,2,2,1,1,127,,1,1,1,1,1,1,1,,2,2,2,3,2,3,2,2,3,2,3,2,,,,,,,,,,,,Humans,4,4,4,2,3,2,2,1,1,1,1,1,1,1,Why do some people feel deeper than others?,Is it okay to steal?,26,2,,2,1,,,,,,,,1,,,,6,2,,1,,,,,,1,,5,2,,2,2,2,1,,,,,,,,,,,1,,,,,,,,1,,,1,3,4,1,,,,,1,,,,,,,6,1,,,,
2025-01-09 15:54:48,2025-01-09 16:02:28,0,100,460,1,2025-01-09 16:02:29,R_3snwece31llTGuR,anonymous,EN,5,,3,2,3,4,3,4,2,2,3,2,3,4,2,2,4,3,,3,probability of something,4,4,3,4,4,2,3,116,,4,4,4,3,3,4,3,,2,2,5,4,4,5,2,2,2,2,4,5,3,2,3,4,,3,,4,4,4,4,4,3,3,115,,4,4,4,4,3,3,3,,2,4,3,3,2,5,2,2,4,3,4,3,,,,,,,,,,,,facts from books,4,4,4,3,3,3,3,3,3,3,3,3,3,3,,,27,2,,2,,,,,,,,1,,,,,4,4,1,,,,,,,,,6,2,,4,4,4,,,,,1,,,,,,,2,Vietnamese,12,1,,,,,,,,2,3,2,2,,,,1,,,,,,,,4,2,,,,
2025-01-09 15:53:09,2025-01-09 16:02:33,0,100,564,1,2025-01-09 16:02:34,R_5Nxe8GlxnEphxbo,anonymous,EN,5,,2,3,3,3,3,2,2,2,3,3,3,3,1,1,1,3,,3,"Household repair, cooking, history, facts, names of songs",3,4,3,3,4,3,3,117,,3,4,3,3,4,2,3,,1,1,3,3,3,2,1,1,1,1,3,2,1,1,1,3,,1,,2,2,2,2,2,1,2,122,,2,2,3,3,3,2,2,,2,2,3,3,2,3,2,2,3,2,2,1,,,,,,,,,,,,history,2,2,3,3,2,2,2,2,2,1,2,1,1,1,I can't think of any questions,Are there any true Americans,58,2,,2,,,,,,,,,1,,,,21,6,1,,,,,,,,,7,2,,2,2,2,,,,,1,,,,,,,1,,,1,,,,,,,,2,2,2,2,,,,,,,,,,1,Unitarian,4,2,,,,
2025-01-09 15:51:57,2025-01-09 16:02:39,0,100,642,1,2025-01-09 16:02:40,R_7amo6yqRMq8xFwE,anonymous,EN,5,,4,1,2,3,4,4,1,1,5,1,3,2,2,5,1,3,,4,"Cooking, parenting tips, work guidance, workout advice",5,4,4,5,4,2,3,117,,5,4,5,4,5,5,4,"My co-workers are teachers so I feel that adds weight to my decision. However, I am thinking of co-workers I admire.",2,1,3,4,2,5,1,1,4,1,3,3,1,1,1,4,,1,I do not think I would ask any moral advice. I would maybe ask the legality of a situation.,1,2,2,2,1,2,1,127,,4,5,5,4,4,4,1,I think you have to look inward on morality.,1,2,2,5,5,5,3,1,5,3,4,3,N/A,,,Just laws and regulations in general if they should be a fountain of knowlede.,Not sure,Having access to Google scholar,,,All that is generally available,,"World leaders like MLK, Ghandi and lesser known",Academia,3,3,2,4,2,3,4,4,5,2,3,2,3,3,"Research on various topics including vaccines, medicine and history",I would not feel comfortable bringing moral questions to a chatbox. Maybe overarchering questions like what are some different worldviews on morality.,30,2,,2,,,,,,,,,1,,,,12,6,,,,,,,1,,,7,2,,2,1,2,,,,,1,,,,,,,1,,,1,,,,,,,,2,3,4,1,,,,,,,,,,1,Culturally Catholic,4,2,,,,
2025-01-09 15:58:51,2025-01-09 16:04:08,0,100,316,1,2025-01-09 16:04:08,R_16qTsiYOYkNFvIB,anonymous,EN,5,,2,1,3,3,1,5,1,1,3,1,4,4,1,1,1,5,,1,,1,2,1,1,4,3,3,115,,1,1,1,1,2,1,1,,2,1,4,4,2,5,1,2,3,1,3,2,2,1,1,5,,2,,1,1,1,1,2,1,1,115,,1,1,1,1,3,1,1,,4,3,1,4,1,2,1,4,4,1,1,4,books,,,none,,,,instagram,,,,books,5,5,5,5,5,5,5,2,2,2,2,3,3,2,,,29,2,,2,,,,,,,,,1,,,,4,5,,,,1,,,,,,6,1,,7,7,7,,,,,1,,,,,,,1,,,1,,,,,,,,2,3,,1,,,,,1,,,,,,,2,2,,,,
2025-01-09 15:51:50,2025-01-09 16:04:21,0,100,751,1,2025-01-09 16:04:21,R_3g709lq6OLvwcSK,anonymous,EN,5,,3,3,3,4,4,4,4,3,3,3,3,4,3,2,4,4,GOD,4,WEALTH,4,4,4,4,3,4,4,127,,4,4,4,4,4,4,4,no,4,3,4,3,3,3,3,4,4,4,4,4,3,4,3,5,GOD,3,respect,4,4,4,4,3,4,4,127,,4,5,5,5,4,4,4,no,4,4,4,4,4,4,4,3,4,4,4,4,individuals,Bible,Bible school,Constitution,New York Times,History,history forums,,the birth of Christ,JESUS CHRIST,JESUS CHRIST,individuals,4,4,3,4,4,4,4,4,4,5,5,4,4,4,how do i build wealth,who should i respect,54,1,,2,1,,,,,,,,,,,,21,6,1,,,,,,,,,6,1,,7,6,6,,,,,1,,,,,,,1,,,1,,,,,,,,2,4,4,1,,,,,1,,,,,,,2,1,no,,,
2025-01-09 15:53:08,2025-01-09 16:04:43,0,100,694,1,2025-01-09 16:04:43,R_32LnzBQncQfhOYo,anonymous,EN,5,,3,5,5,4,5,5,2,3,4,5,5,5,5,3,5,5,,4,What supports all life forms?,3,3,3,3,3,2,3,115,,2,2,2,2,2,2,2,,2,3,5,4,4,5,1,4,3,5,5,5,5,2,3,5,,3,,2,3,2,3,3,2,3,115,,2,3,2,2,3,3,3,,4,5,5,5,4,5,4,4,5,5,4,5,,,,,,,,,,,,Historical figures,5,5,5,5,5,5,5,5,5,5,5,5,5,5,,,20,1,,2,1,,,,,,,,,,,,16,5,1,,,,,,,,,7,1,,6,6,6,,,,,1,,,,,,,1,,,,,,,,,,,1,4,,1,,,,,1,,,,,,,,,,,,
2025-01-09 15:50:57,2025-01-09 16:05:12,0,100,854,1,2025-01-09 16:05:12,R_5iaGwnQE8QQ7Vtv,anonymous,EN,5,,4,4,3,4,4,4,4,4,2,1,4,2,2,4,4,4,google,4,health,3,3,3,3,2,2,4,121,,5,4,4,5,5,5,4,,4,3,4,4,4,4,3,3,4,2,3,3,3,4,3,5,google,3,health,3,3,3,3,3,3,4,116,,4,4,4,4,4,4,4,,5,5,5,5,5,5,5,5,5,5,5,5,google,Quran,i cant remember,check online,ahhhh,journals,gpt,nike,story of eisten,donald trump,eisten,another chatbbot,3,3,3,3,3,3,3,3,3,3,3,3,3,3,how are you,sexuality,23,1,,2,1,,,,,,,,,,,,5,5,,,1,,,,,,,4,1,,4,4,4,,,,,1,,,,,,,1,,,,,,,,1,,,1,3,3,1,,,,,,,,1,,,,3,1,,,,
2025-01-09 15:56:29,2025-01-09 16:05:14,0,100,524,1,2025-01-09 16:05:15,R_3gMVreiEEPlJVnB,anonymous,EN,5,,4,2,5,2,3,5,2,2,5,2,2,3,2,4,4,5,cant think of any,2,how to become financially literate? how to make money fast?,3,3,4,4,4,3,3,115,,3,2,4,3,4,3,3,,1,1,4,1,1,5,1,1,1,1,1,1,1,1,1,5,,1,forgiveness,3,3,3,3,3,3,2,127,,1,1,1,1,1,1,1,,2,4,3,4,3,3,1,2,3,1,3,3,,"the bible, jesus",,the constitution,,,,,,,,the bible,4,5,4,5,5,4,4,5,5,5,5,5,5,5,what does the bible say about forgiveness? what does the bible say about sin and repenting?,how are people that commit more sins that others all held equally under God,22,2,,2,1,,,,,,,,1,,,,21,3,,1,,,1,,,,,6,3,,6,6,7,,,,,1,,,,,,,1,,,,,,,,1,,,1,3,,1,,,,,1,,,,,,,6,2,,,,
2025-01-09 15:52:37,2025-01-09 16:05:35,0,100,777,1,2025-01-09 16:05:35,R_1KUigeW3XxDe66Z,anonymous,EN,5,,3,3,3,3,2,4,3,3,4,3,3,4,3,4,3,5,,3,"How to build & scale a business, tools/resources for personal finance, data synthesizing",3,3,3,4,4,2,3,127,,3,2,3,1,3,1,3,"AI chat bots can always be used as an additional source of information/guidance, so I still believe there is use to another resource even if it is ultimately not acted upon.",1,1,4,3,1,5,1,1,1,3,4,3,4,1,1,5,none other than those listed above,2,how should I handle a particular situation?,3,3,3,3,3,3,3,127,,2,3,3,2,2,2,3,,5,5,5,5,5,5,5,5,5,5,5,5,Books,All,,,,,,,,,,"There is no one single source, otherwise then the AI assistant will not be impartial in providing responses",5,5,4,4,4,3,3,3,3,3,3,3,3,3,,,32,2,,2,,,,,,,,,1,,,,15,6,,,1,,,,,,,8,3,,3,3,4,,,,,1,,,,,,,1,,,,,,,,1,,,2,1,4,1,,,,,,,,,,,,6,1,,,,
2025-01-09 15:54:50,2025-01-09 16:05:36,0,100,646,1,2025-01-09 16:05:37,R_3DoMk8rJ5SuQwIu,anonymous,EN,5,,3,3,5,4,3,1,2,2,4,1,3,1,2,2,1,4,,1,I would ask about methods of organization and the best ways to efficiently organize my time and work to be the most productive I can be.,2,3,1,3,4,3,1,115,,2,3,1,2,4,2,1,,4,2,4,4,3,1,2,1,4,4,3,1,3,2,1,4,,1,,2,1,1,3,5,3,1,122,,3,3,1,2,3,2,1,,2,2,3,4,4,4,3,2,5,3,4,4,Community leaders,,,,,,,,,,,History,4,5,3,4,4,3,3,3,3,3,4,3,1,1,,,22,2,,2,,,,,,,,,1,,,,3,3,,1,,,,,,,,4,2,,1,1,1,,,,,1,,,,,,,1,,,,,,,,1,,,1,1,3,3,It’s complicated,,,,1,,,,,,,6,2,,,,
2025-01-09 15:55:33,2025-01-09 16:06:30,0,100,656,1,2025-01-09 16:06:30,R_76xGvFWwQY20uyZ,anonymous,EN,5,,2,2,5,4,2,2,1,2,2,2,2,3,2,2,2,5,,4,"Questions about interpersonal relationships, job advice, and advice on how to handle certain situations tactfully and articulately.",3,3,3,3,3,3,2,115,,3,3,3,3,3,2,2,,1,2,5,4,2,2,1,2,2,2,2,2,2,2,2,5,,3,Is it moral to buy pets instead of adopting them from the shelter?,3,3,3,3,3,2,2,115,,3,2,3,3,3,2,2,,2,2,2,2,2,2,1,1,2,2,2,2,,,,,,,,,,,,History,2,3,3,3,3,3,3,2,3,2,2,2,2,2,How can we prevent wars?,Is it moral to go to war for other countries?,39,2,,2,,,,,,,,,1,,,,8,5,,1,,,,,,,,4,2,,2,2,2,,,,,1,,,,,,,1,,,,,,,,1,,,2,2,3,1,,,,,1,,,,,,,5,2,,,,
2025-01-09 15:58:34,2025-01-09 16:06:38,0,100,483,1,2025-01-09 16:06:38,R_6ZIHi1uyjp1ZNXr,anonymous,EN,5,,1,1,5,3,3,1,1,2,2,1,3,2,1,3,1,4,,1,What are the sources of your information?,1,3,1,3,4,1,1,115,,1,1,1,3,3,1,1,,1,1,5,3,3,1,1,1,3,1,2,3,1,2,1,5,,1,Is it moral to pass off aggregated data as your own thoughts?,1,1,1,3,3,1,2,127,,2,1,1,4,3,1,1,,3,1,2,3,1,2,1,1,2,2,2,1,,,,,,,,,,,,"Medical records, purely for helping humans access medical records more easily.",4,5,4,4,5,4,4,4,5,2,1,1,3,3,This would only be in times where I need medical records accessed quickly.,The morality of making it easier for humans to access medical records in times of need.,34,1,,2,,,,,,,,,1,,,,1,5,,1,,,,,,,,4,2,,1,1,1,,,,,1,,,,,,,1,,,,,,,,1,,,2,1,1,2,,,1,,,,,,,,,6,2,N/A,,,
2025-01-09 15:55:17,2025-01-09 16:07:17,0,100,720,1,2025-01-09 16:07:18,R_1xtWpg8pVeDlemZ,anonymous,EN,5,,3,4,4,4,4,3,2,2,4,2,3,3,2,3,2,3,,3,"Retirement, Medicare, job searching",4,4,3,3,3,3,4,115,,2,3,3,3,3,2,4,,3,3,4,4,3,4,2,2,1,2,2,2,2,2,3,4,,1,Is it moral to get tax incentives for insurance and also receive social security,2,2,2,2,3,2,4,115,,3,3,3,3,3,3,4,,4,3,4,5,4,4,2,3,5,2,4,3,,,,,,,,,,,,laws and regulations,4,4,4,4,4,4,4,4,5,5,5,4,5,5,social secuirty,divorce,60,2,,2,,,,,,,,,1,,,,6,5,,,1,,,,,,,8,2,,2,2,2,,,,,1,,,,,,,1,,,,,,1,,,,,1,3,4,1,,,,,1,,,,,,,3,2,,,,
2025-01-09 15:58:11,2025-01-09 16:07:32,0,100,561,1,2025-01-09 16:07:33,R_1r8sGO4ty9B06KB,anonymous,EN,5,,4,3,4,3,4,3,3,4,4,4,3,3,4,4,3,2,talking,3,writing of gig description on website design,3,4,3,4,3,4,4,129,,5,4,4,5,3,4,3,,4,4,3,4,4,3,3,3,4,3,4,4,2,3,3,4,,3,bank,3,3,3,5,4,3,4,119,,4,4,4,2,3,3,3,,5,3,5,3,4,4,4,4,3,4,3,4,image,,project writing,,google,google scorer,google,facebook,,president,,human,4,5,4,5,3,5,3,3,4,3,4,3,4,5,human character study,human health,19,2,,2,1,,,,,,,,,,,,21,5,,,,,,,,1,,8,2,,2,4,4,1,,,,,,,,,,,1,,,,,,,,1,,,1,4,4,1,,,,,1,,,,,,,1,1,good,,,
2025-01-09 15:58:07,2025-01-09 16:07:34,0,100,566,1,2025-01-09 16:07:34,R_52RM62KUQwb4yjm,anonymous,EN,5,,2,2,4,4,3,1,2,2,3,2,3,3,3,3,1,3,,1,How lame is Elon Musk,2,2,1,1,3,1,1,116,,3,2,2,1,3,2,1,AI sucks,1,1,3,4,2,1,1,2,2,2,2,3,4,2,1,4,,1,Is it moral to create anything using AI?,2,1,1,2,3,1,1,124,,1,1,1,2,2,1,1,,3,1,3,1,1,2,1,1,3,1,3,1,,,,,,,,,,,,"Nothing, the chatbot / AI assistant should not exist.",5,5,5,2,2,2,2,1,1,1,1,1,1,1,,,40,1,,2,,,,,,,,,1,,,,21,2,1,,,,,,,,,7,2,,7,7,7,,,,,1,,,,,,,1,,,1,,,,,,,,2,1,1,2,,,,,,,,,,,,6,2,,,,
2025-01-09 16:00:01,2025-01-09 16:07:43,0,100,461,1,2025-01-09 16:07:45,R_1wtMt6QZGOpBgok,anonymous,EN,5,,3,2,5,4,4,1,2,1,2,1,1,1,1,2,1,3,,3,cooking,4,4,3,4,4,4,4,115,,3,3,3,3,4,4,4,,1,1,3,3,3,1,1,1,2,1,1,1,1,1,1,1,,1,,2,2,2,2,2,2,3,115,,2,2,2,2,2,2,2,,1,1,2,4,4,4,1,1,4,1,2,1,,,,,,,,,,,,laws,3,5,4,4,4,4,4,4,4,4,4,2,4,4,correct way to do things,,20,2,,2,,,1,,,,,,1,,,,21,3,,,,,1,,,,,9,4,,5,5,6,,,,,1,,,,,,,1,,,,,,,,1,,,1,1,1,2,,,1,,,,,,,,,6,2,,,,
2025-01-09 15:52:21,2025-01-09 16:07:59,0,100,937,1,2025-01-09 16:07:59,R_7Ne83elcrmxUsBz,anonymous,EN,5,,1,2,4,2,1,5,1,2,4,2,3,3,3,2,3,4,,2,at what temperature to drip faucets,2,4,2,3,4,2,3,124,,1,2,1,1,3,2,4,,1,1,3,3,1,5,1,1,1,1,1,3,3,1,1,3,,1,I would not take moral advice from a chatbot/AI,3,2,2,3,3,2,3,124,,1,1,1,1,3,2,4,,2,5,3,4,2,4,2,2,3,2,3,2,,Bible,,federal state and local laws in all countries/nations,,peer reviewed journals,,,,,,Bible,5,5,5,5,5,3,3,4,4,4,4,4,3,3,What does a particular verse or verses mean?,,45,1,,2,,,,,,,,,1,,,,1,6,,,,,,,,1,,2,3,,5,6,2,,,,,1,,,,,,,1,,,1,,,,,,,,,4,4,1,,,,,1,,,,,,,5,2,,,,
2025-01-09 16:01:37,2025-01-09 16:08:09,0,100,391,1,2025-01-09 16:08:09,R_6I3tXdbRP8N6Ak9,anonymous,EN,5,,2,3,4,3,3,3,2,2,4,1,3,4,2,2,3,4,,3,"Career paths, life goals, mental health guidance",3,2,3,4,3,2,3,127,,4,3,3,3,3,2,4,,2,3,4,4,2,3,2,2,3,2,3,3,3,1,1,3,,1,,3,3,3,3,3,1,1,127,,2,2,2,2,2,2,1,,2,4,5,2,2,2,2,4,5,2,4,4,,,,,,,,,,,,History,2,3,3,3,3,3,3,3,3,3,3,3,3,3,,,23,2,,2,,1,,,,,,,,,,,11,5,1,,,,,,,,,5,2,,4,3,4,,,,,1,,,,,,,1,,,,,,,,1,,,2,3,3,1,,1,,,,,,,,,,5,1,,,,
2025-01-09 15:52:03,2025-01-09 16:08:10,0,100,966,1,2025-01-09 16:08:11,R_6F3wh2RcjMqKAsB,anonymous,EN,5,,1,2,5,3,3,3,1,1,3,2,4,5,5,4,4,5,My inner monologue,5,How do I make reliable passive income?  How can I design an end-to-end phone application and publish it to the app store?,4,5,4,3,4,5,5,115,,4,5,3,4,4,5,5,"I think with technical guidance, as in the questions that I have proposed, AI is far better equipped to give advice than any human source.",1,2,5,4,3,5,1,2,2,2,4,4,5,3,3,5,,4,"Should abortion be legal? Should humans seek development in gene editing to pioneer a more robust, intelligent, and stronger species?",4,5,2,4,4,5,5,124,,2,4,2,3,3,2,4,Humans that I respect are probably better equipped to give moral advice because of lived experience.,5,3,5,3,2,5,4,1,5,2,5,4,"Ideals, whether fictitious or true, of being heroic, just, and good",,"Stoics, including Marcus Aurelius",,,The New England Journal of Medicine,"Reddit, for more contemporary and personalized training data",,"The Golden Age of Greek Philosophy and the foundation of democracy, spearheaded by the Greeks",,"Socrates, Plato, Aristotle, Marcus Aurelius, Keppler, and Galileo","Meditations, by Marcus Aurelius",4,5,5,5,5,4,5,5,4,5,4,5,4,5,What is the path to finding my purpose?,What makes a good and productive man?,32,1,,2,,,1,,,,,,,,,,5,5,1,,,,,,,,,3,3,,5,4,6,,,,,1,,,,,,,1,,,,,,,,1,,,1,2,3,1,,1,,1,1,,,,,,,4,1,,,,
2025-01-09 15:59:20,2025-01-09 16:08:27,0,100,547,1,2025-01-09 16:08:27,R_37AxoHJDJsqX7uF,anonymous,EN,5,,2,2,4,4,2,5,2,2,4,2,2,3,2,3,3,4,None,4,Best stock to buy how to make money from home best bank interest rates stock market predictions,4,4,3,3,3,3,4,115,,4,4,2,4,3,4,5,Good luck in designing one,2,1,4,4,3,5,1,2,1,2,2,2,2,1,1,5,Bible,3,adultery theft treatment of parents child raising issues family advice,2,3,2,3,3,3,2,127,,2,2,2,2,2,2,2,,3,5,4,4,2,2,2,2,4,3,3,4,Teachers,Bible,Aristotle,Ten commandments,,,,,Story of Jesus,,,Bible,5,5,5,5,5,5,5,4,4,4,4,4,4,4,"Angels, devil, original sin, how to live purposeful life","adultery, stealing, hunger, complacency, role in society",66,2,,2,,,,,,,,,1,,,,13,6,,,,,,1,,,,6,3,,4,3,5,,1,,,,,,,,,,1,,,1,,,,,,,,2,4,4,1,,,,,1,,,,,,,2,2,,,,
2025-01-09 15:54:59,2025-01-09 16:08:44,0,100,824,1,2025-01-09 16:08:44,R_3lp2eOLg8SqRxWx,anonymous,EN,5,,2,3,3,4,4,2,2,3,4,4,4,4,3,3,2,4,,2,I would ask about simple clarification questions or about coding questions. I would not ask about any current events,4,3,2,3,4,2,3,122,,3,2,2,3,4,2,4,The best AI would be trained with peer reviewed scientific literature to make sure that the facts it gives are accurate and verified to be true,2,2,4,4,4,3,2,3,3,4,3,4,4,2,1,5,,2,"i would ask about ethics or philosophy questions, or about other cases in which my moral dilemma has happened and about the outcome",3,2,3,3,4,3,2,121,,3,2,3,4,4,2,2,Morality isn't really something I think an AI would be good at. They work off of pattern recognition and don't use complex thought and emotion like moral questions should use,4,4,4,4,3,4,2,1,4,4,4,3,ethics talks transcripts,"Bible and Torah, Quran, Bhagavad Gita, Mahabharata and Manusmirti, Guru Granth Sahib","moral relativism, idealism, pragmatism, rationalism","criminal law, human rights laws, geneva convention, ethics, HIPAA",,"Semiotics, Bioethics, business & professional ethics",,,,,"about different wars and holocausts, slavery, civil rights struggles, caste",scholarly and ethics journals,3,4,3,4,4,4,4,3,4,4,4,4,4,4,"Biology and chemistry, medicine, law",moral quandries like how to act in a certain hypothetical,30,1,,2,,,,,,,1,,,,,,9,6,1,,,,,,,,,7,2,,1,1,1,1,,,,1,,,,,,,1,,,,,,,,1,,,1,2,2,1,,,,,,1,,,,,,4,2,,,,
2025-01-09 15:56:51,2025-01-09 16:09:40,0,100,769,1,2025-01-09 16:09:40,R_1o23lkXWXoRfOWX,anonymous,EN,5,,1,1,4,4,3,3,1,1,1,1,1,3,1,1,1,5,There are very few.  Everything we are told is a complete lie.,2,"I would ask a chatbot if it was possible that AI is the ""Anti-Christ"".  It is a very interesting topic.",1,1,1,1,3,1,1,127,,1,1,1,1,1,1,1,"I do not trust anything from the internet, including chatbots.",1,1,5,4,3,3,1,1,1,1,1,3,1,1,1,5,Morality is a very gray area and I can only find those answers within.,1,"Again, I do not trust anything on the internet, especially any moral topics.",1,1,1,1,1,1,1,127,,1,1,1,1,1,1,1,I do not trust any information from the internet.,1,1,1,1,1,1,1,1,1,1,1,1,,,,,,,,,,,,I am not sure because everything on the internet is a lie.,5,5,5,5,5,5,5,1,1,1,1,1,1,1,"There are several topics that I am interested in but again, all of this doesn't matter because everything on the internet is a complete lie, like history.",I would not ask a chatbot anything and I hope no one else does either.,48,2,,2,,,,,,,,,1,,,,7,3,1,,,,,,,,,5,1,,6,6,6,,,,,1,,,,,,,1,,,1,,,,,,,,2,1,,1,,1,,,,,,,,,,6,3,Thank you!,,,
2025-01-09 16:01:25,2025-01-09 16:09:49,0,100,504,1,2025-01-09 16:09:50,R_6pn6QWT0gRzbCIp,anonymous,EN,5,,2,3,5,3,3,5,2,2,5,4,3,5,3,3,2,5,,4,How can I day trade better?,4,4,4,4,4,4,4,122,,4,4,4,4,4,4,4,,2,3,3,3,3,5,3,3,3,2,3,4,2,2,3,5,,2,Should guns be outlawed,4,4,4,4,4,4,4,115,,3,3,3,3,3,3,2,,2,5,4,4,3,5,3,2,3,3,3,3,Srimad Bhagavatam,Bhagavad Gita,Harvard,Constitutional law,,Full text databases,,,,,,Srimad-Bhagavatam,5,5,5,5,5,5,5,5,5,5,5,5,5,5,How Can I become a better devotee,How can I better serve Krsna,41,1,,2,,,1,,,,,,1,,,,4,5,,,,,,,,1,,7,1,,6,6,6,,,,,1,,,,,,,2,Spanish,5,1,,,,,,,,2,4,4,1,,,,,,1,,,,,,4,3,,,,
2025-01-09 16:00:54,2025-01-09 16:09:54,0,100,539,1,2025-01-09 16:09:54,R_6U5ee8ajhqPc0bN,anonymous,EN,5,,3,1,5,3,4,5,5,4,4,4,4,4,3,4,3,5,,3,"I would ask them about the stock market and how to make guaranteed money doing it. Also, what is the best one stop ab workout without using weights. Also, if there is one simple thing we could do each  and every day for out health what would it be. Even if it was eating something specific.",4,4,3,4,5,5,4,115,,4,4,4,5,5,4,4,,2,2,4,3,3,5,3,2,4,4,5,4,5,4,3,5,,4,What is politically correct for conservatives and for liberals to get a long what would they have to do?,4,3,4,3,5,5,3,115,,5,5,5,4,4,4,4,,4,5,2,4,2,2,5,2,4,2,5,1,,"Jesse Duplantis, TD Jakes, Kenneth Copeland.",,President Donald Trump.,,,christian.com,,The United States is a melting pot.,,Martin Luther King Jr and Jesus the king.,Jesus from the King James Bible.,5,5,5,5,4,5,5,5,4,5,4,5,5,4,What was Jesus' greatest accomplishments.,Is it possible there are Jesus haters because satan doesn't like him and that's the only reason?,42,1,,2,1,,,,,1,,,1,,,,5,4,1,,,,,,,,,5,1,,6,6,6,,,,,1,,,,,,,1,,,,,,,,1,,,1,4,4,1,,,,,1,,,,,,,4,2,I enjoyed this survey very much and I believe the upcoming AI is very impressive and is available for everyone to use. Unfortunately I believe the time is close that it will be apparently evil and Christians may have to stop using it only because quantum physics is a mysterious science from the unknown and its probably dark.,,,
2025-01-09 15:54:02,2025-01-09 16:10:02,0,100,960,1,2025-01-09 16:10:03,R_3q7PZcRj6w91O24,anonymous,EN,5,,2,4,3,4,1,3,2,3,4,2,3,4,2,2,3,5,,3,Help with getting a job. How to do something such as troubleshooting a problem with a vacuum cleaner. How to view current events with nuance and perspective. Writing funny jokes for birthday cards.,4,4,3,4,3,4,4,122,,3,3,3,3,3,4,4,,2,1,5,4,1,4,1,2,1,1,2,3,3,1,1,4,,2,Is it okay to lie in a given situation. Choosing between difficult options.,4,2,3,4,4,2,3,115,,3,2,3,3,3,4,3,,3,4,5,5,2,3,1,1,4,2,4,3,Fables/Parables,The Bible,,Laws and regulations that benefit the most people from all demographics.,,,,,,,,Encyclopedia,4,5,4,5,3,3,3,4,5,4,3,3,4,2,"History, science, economics. What impact did (something) have on the world?",What did a historical figure do when faced with a dilemma. What was the result of their actions and could it have gone better if another action was taken.,35,1,,2,,,,,,,,,1,,,,4,5,,,,,,,,1,,4,3,,3,2,4,,,,,1,,,,,,,1,,,1,,,,,,,,2,3,2,1,,,,,1,,,,,,,3,2,,,,
2025-01-09 15:59:18,2025-01-09 16:10:14,0,100,656,1,2025-01-09 16:10:15,R_1KsasN8eZz48PbM,anonymous,EN,5,,3,2,5,4,3,1,2,2,4,2,3,4,1,4,2,4,,4,current sickness or virus going around in southern california,4,4,3,4,3,2,4,115,,4,3,3,4,3,2,4,,1,1,4,4,2,1,1,1,1,1,1,1,1,1,1,3,,2,"if an influencer's content makes you happy but they are a bad person, are you bad for watching their content?",3,4,4,4,3,3,3,115,,3,3,3,3,2,2,4,,3,1,3,4,3,4,2,2,3,2,3,3,user data,,,constitution,,those that are widely accepted,,,,,,should be a combination of all of them,4,3,2,4,4,4,4,3,3,3,3,3,3,3,when to have kids? average income for household of 2 in their 30s,"If influencer's content makes you happy, but they are a bad person, should you still support them by watching their content?",30,1,,2,,,,,,,,,,,1,,16,5,1,,,,,,,,,7,3,,4,4,5,,,,,,,,,,1,,1,,,,,,,,1,,,2,1,2,3,not sure,,,,,,,,,1,,5,2,,,,
2025-01-09 15:54:05,2025-01-09 16:10:21,0,100,976,1,2025-01-09 16:10:22,R_7MMNrtVg4LrSXap,anonymous,EN,5,,1,4,5,4,2,5,1,3,5,1,2,2,2,5,3,4,,4,What should I do for a living? How to get motivated? Fitness and health. Pet care. Celebrity gossip.,4,4,5,5,5,3,5,115,,3,4,5,5,4,3,5,,1,4,5,4,4,5,1,2,3,2,4,3,2,3,4,5,,5,"How moral is the newest US president elect, Donald Trump?",3,3,4,3,4,3,4,115,,2,3,3,4,4,3,4,,4,5,5,5,5,5,3,2,5,4,5,4,,"Bible, historical religious scripts",,,,,,,,,,Internet,3,3,2,4,3,4,3,3,3,3,3,3,3,3,,,34,2,,2,1,,,,,,,,,,,,3,5,,,1,1,,,,,1,7,2,,5,5,5,,,,,1,,,,,,,1,,,,,,,,1,,,1,4,4,1,,,,,1,,,,,,,3,2,,,,
2025-01-09 16:01:23,2025-01-09 16:10:48,0,100,564,1,2025-01-09 16:10:48,R_3xzMJ4KpdSoHs0U,anonymous,EN,5,,1,2,4,3,1,3,1,2,1,2,1,3,1,1,1,5,,2,"Loneliness, education, books",3,3,3,3,4,3,3,127,,3,3,2,2,3,3,3,,1,1,5,3,1,2,1,1,2,1,1,3,1,1,1,5,,2,I can't think of anything right now.,3,3,3,3,4,3,2,127,,2,3,2,2,3,3,2,,2,2,3,3,2,3,1,1,3,2,4,3,I dn't know,,,,,,,,,,I don't know,Vast amounts of knowledge available all over the internet.,2,3,3,3,2,2,2,2,2,2,2,1,2,2,,,73,2,,2,,,,,,,,,1,,,,2,3,,,,,,1,,,,5,2,,2,2,2,,,,,1,,,,,,,1,,,,,,1,,,,,1,1,3,3,Not sure at all,1,,,,,,,,,,6,2,,,,
2025-01-09 15:58:46,2025-01-09 16:10:58,0,100,731,1,2025-01-09 16:10:59,R_7Qgv62JL9FpSccn,anonymous,EN,5,,1,2,3,4,4,4,1,1,2,2,2,3,3,2,2,5,,3,"How to simplify tasks, be more efficient, save time, tricks and hacks, etc...",3,3,3,3,4,2,3,116,,3,3,3,2,4,2,3,,1,1,3,3,1,5,1,1,1,1,1,2,4,1,1,5,,1,,2,1,3,3,3,2,1,116,,2,1,3,2,2,2,1,,1,5,5,2,1,2,1,1,5,1,4,1,,"Hebrew scripture, Christian scripture, Talmud","Plato, Aristotle, Aquinas, Augustine",,,,,,"Laws, history of law",,"Abraham, Moses, Jesus, Saint Paul",Bible,3,4,3,4,4,4,4,4,4,4,4,4,4,4,,,51,1,,2,,,,,,,,,1,,,,6,6,1,,,,,,,,,6,3,,4,4,6,,,,,1,,,,,,,1,,,,,,,,,1,not married,1,3,3,1,,,,,1,,,,,,,3,2,,,,
2025-01-09 15:59:24,2025-01-09 16:11:00,0,100,695,1,2025-01-09 16:11:00,R_1rpVEvHQOLYBJ6N,anonymous,EN,5,,1,3,3,3,3,2,1,2,4,2,3,5,4,3,3,5,,3,"medicine, programming, science, writing",3,4,3,4,5,2,4,115,,2,3,2,2,3,2,4,,1,1,3,3,3,2,1,2,2,2,2,4,3,3,1,5,,2,did i do the right thing? what else should i have done?,2,2,3,2,4,2,3,115,,3,3,3,3,3,2,3,,4,2,5,5,2,3,3,2,5,2,3,2,,,"stoicism, absurdism",laws from specific region the user is in,books,,,,how historical figures acted and the consequences,,,philosophy,4,4,4,4,4,4,4,4,4,4,4,4,4,4,"how i should respond to certain things, or how i should approach problems",how i should respond to others,25,1,,2,,,1,,,,,,,,,,1,5,,,,,1,,,,,8,2,,2,1,3,,,,,1,,,,,,,1,,,,,,,,1,,,2,2,2,1,,1,,,1,,,,,,,6,1,,,,
2025-01-09 15:58:19,2025-01-09 16:11:32,0,100,793,1,2025-01-09 16:11:33,R_6PYkpylEzHH1oOz,anonymous,EN,5,,4,3,4,4,3,3,4,3,4,3,4,3,3,4,4,4,,4,wealth,4,4,3,4,4,3,4,122,,3,3,3,3,3,3,3,,4,3,4,4,4,2,2,2,4,3,4,3,3,4,3,4,,3,,4,4,4,4,4,4,4,122,,3,3,3,3,3,3,3,,4,4,4,4,4,4,4,4,4,4,4,4,,,,,,,,,,,,everything combined,4,4,4,4,4,4,4,4,4,4,4,4,4,4,,,36,2,,2,,1,,,,,,,,,,,6,,,,,,,,,1,,5,2,,3,3,3,,,,,1,,,,,,,1,,,,,,,,1,,,2,3,2,1,,,,1,,,,,,,,4,2,,,,
2025-01-09 15:58:38,2025-01-09 16:11:47,0,100,789,1,2025-01-09 16:11:47,R_6CPnBeaSpI0BzsT,anonymous,EN,5,,3,2,3,1,2,2,1,3,5,1,4,2,3,4,3,3,,3,"questions relating to current affairs or events, topics like sustainability, environmental factors or climate change and what the future will be like with implemented AI or technology in the workplace, or self driving cars, or robots",3,4,4,3,4,4,3,129,,4,3,3,3,4,2,4,none,2,1,3,4,2,3,1,2,3,2,1,1,1,4,3,3,none,4,asking about circumstances involving war and see what their answers are and if they are biased like the war in gaza and Israel committing a genocide,2,2,1,2,3,3,2,122,,1,2,2,2,3,2,4,should not be biased and should talk on facts or evidence,1,3,2,5,2,5,3,1,4,3,4,3,Straight facts!,,,general laws or policies regarding a country or what is being asked,none,I dont know any,,,should speak on historical facts and not a biased opinion that is embedded in AI from the person who created it,,all historical figures,Databases and academic journals that have proven facts or evidences of all occurences,4,5,4,4,3,4,4,3,4,3,4,5,4,4,"i would ask regarding the war in gaza and Israel committing a genocide and why AL thinks that Israel is exempt from all rules, regulations, and policies of the world and no one is doing anything about their war crimes. i would also ask them about the election and the illuminati who is probably also lead by Israelis",same as above,38,1,,2,,,,,,,,,1,,,,6,5,1,,,,,,,,,6,1,,4,4,4,,,,,1,,,,,,,1,,,1,,,,,,,,2,3,2,1,,,,,,,,,,1,,4,1,none,,,
2025-01-09 16:03:37,2025-01-09 16:12:01,0,100,504,1,2025-01-09 16:12:02,R_7FzvQEXYUm63QpH,anonymous,EN,5,,5,1,4,4,1,5,1,1,5,1,1,5,4,5,5,5,,5,"how to code, transcribe ancient texts,  health issues/research",5,5,1,5,5,5,5,129,,4,4,4,3,5,2,4,,1,1,5,2,2,5,2,1,5,1,1,5,5,5,2,1,,1,"history of christianity, deontology, virtue ethics",1,1,5,5,4,2,2,124,,2,1,2,2,5,2,4,we need to transcribe ancient texts,1,5,5,5,1,5,5,1,4,5,4,3,God,Bible,,ancient laws,Fox,JAMA,"reddit, lesswrong",,"the birth of jesus, and the growth of chrisianity","Joe Rogan, Tim Keller","Jesus, Martin Luther",The bible,5,5,5,5,5,5,5,4,5,5,4,5,5,5,what is a godly woman to marry,Is being gay wrong? Is abortion wrong,34,1,,2,,,,1,,,,,,,,,2,5,,1,,,,,,,,2,3,,3,3,7,,,,,1,,,,,,,1,,,,,,,,1,,,1,4,3,1,,,,,1,,,,,,,2,2,,,,
2025-01-09 16:02:53,2025-01-09 16:12:12,0,100,559,1,2025-01-09 16:12:13,R_690W6UMrZOoQT7Z,anonymous,EN,5,,5,4,4,4,5,1,1,4,4,1,4,3,4,2,4,5,,5,What is the outlook of inflation in the U.S? Why is it becoming so harder to afford things? Will things go back to normal Pre-covid days where we could actually afford stuff?,5,4,4,4,4,4,5,127,,4,5,5,4,4,5,5,,4,4,3,4,5,1,1,1,5,1,5,5,1,1,5,5,,5,Is it morally justifiable for some individuals to accumulate significant wealth while others struggle to meet basic needs? Should governments intervene more actively to reduce economic inequality? Is it ethical to prioritize family or friends over others in situations where fairness is compromised?,5,5,4,4,4,5,5,122,,4,5,4,5,5,4,5,,3,1,5,5,5,5,1,2,5,4,5,1,,,"MIT, Harvard",Government,Old Books from education/journals/history,"nature, Science, Biology",,,"Roman Empire, Ancient Egypt, Medieval, World War I, II, III, Civil Right Movement, 9/11 attacks, Covid-19 Pandemic, Digital Revolutiion, INdustrial Revolution",,"Isaac Newton, Albert Einstein, Charles Darwin, Leonardo Da Vinci",People,3,5,5,5,5,5,5,5,5,5,5,5,5,5,"What were the main goals of the Black Lives Matter movement, and how did it gain traction? How did the fight against apartheid in South Africa impact the world? How did Steve Jobs’ leadership style influence the culture of Apple? Is social media influencing over consumption?",Is it morally acceptable for billionaires like Elon Musk to accumulate vast wealth while poverty continues to exist in the world?,28,1,,2,,,,,,,1,1,,,,,3,5,,,1,,,,,,,5,2,,4,4,4,,,,,1,,,,,,,1,,,,,,,,1,,,1,2,1,1,,1,,,,,,,,,,6,2,,,,
2025-01-09 16:02:14,2025-01-09 16:12:58,0,100,643,1,2025-01-09 16:12:58,R_7cWAjSAO4SUwwhP,anonymous,EN,5,,4,2,4,5,3,1,1,3,5,2,3,2,2,5,3,4,,3,"What is the latest weather update for my city, zip?",4,4,4,4,4,3,4,116,,4,5,4,5,4,4,4,,4,2,4,5,4,1,1,2,5,2,3,2,2,5,4,4,,3,why are republicans so fanatical about upholding biblical ideals but not living them?,2,2,2,2,2,5,2,116,,4,4,4,4,4,4,2,,3,1,3,5,3,4,5,2,4,3,4,2,,,,,,,,,,,,scientific journals,2,3,2,3,3,2,2,2,3,2,3,2,2,2,,,42,2,,2,,,,,,1,,,,,,,12,5,1,,,,,,,,,7,2,,3,3,3,,,,,1,,,,,,,1,,,1,,,,,,,,2,1,1,2,,1,,,,,,,,,,6,1,,,,
2025-01-09 15:59:52,2025-01-09 16:13:39,0,100,826,1,2025-01-09 16:13:40,R_7kT9ZcwNQVSP0id,anonymous,EN,5,,1,2,4,4,5,4,1,2,4,5,4,4,4,1,3,5,,3,Psychology,4,4,4,4,4,4,4,127,,3,3,3,3,3,3,4,,1,1,4,4,4,4,1,1,1,1,1,1,1,1,1,5,,3,,2,2,2,2,2,2,4,115,,2,2,2,2,2,2,4,,5,5,5,5,5,5,3,3,5,5,5,5,,,,,,,,,,,,History,4,4,4,4,4,4,4,4,4,4,4,4,4,4,How do the Yoruba's greet their elders.,Basic Yoruba morals,44,1,,2,1,,,,,,,,,,,,7,5,1,,,,,,,,,5,3,,4,4,4,,,,,1,,,,,,,1,,,,1,,,,,,,2,3,3,1,,,,,1,,,,,,,2,1,,,,
2025-01-09 15:55:11,2025-01-09 16:13:59,0,100,1128,1,2025-01-09 16:14:00,R_3l3q5p2iE71KamV,anonymous,EN,5,,5,5,3,2,2,1,5,5,5,1,5,4,3,5,5,5,non,5,Data Science and Technology in agriclture,5,5,5,5,5,5,5,122,,4,4,5,5,3,4,5,none please,5,4,3,2,2,3,4,4,5,3,5,5,3,5,5,5,google scholar,5,"Here is a summary of the moral topics and questions that came up:  1. **Ethics of AI and Technology**: AI surveillance, autonomous decision-making, and fairness in AI systems. 2. **Privacy and Data Security**: Ethics of data collection, consent by users, and the right to erase digital footprints. 3. **Environmental Ethics**: The balance between resource utilization and environmental protection, and the responsibility to take care of the planet. 4. **Animal Rights**: Animal experimentation, factory farming, and the prevention of animal extinction. 5. **Social Justice and Inequality**: Wealth disparities, systemic inequality, and the moral responsibility of the rich. 6. **Bioethics**: Ethical questions on genetic modification, CRISPR technology, and genetic trait selection. 7. **Corporate Ethics**: Corporate responsibility for worker welfare, tax avoidance, and harm to consumers. 8. **Healthcare Ethics**: Equitable access to medical treatment, refusal to treat by practitioners on the basis of conscience, and ensuring access to health care. 9. **Moral Responsibility in Crisis Situations**: The balance between self-protection and the protection of others in times of global crisis or emergency. 10. **Cultural Relativism vs. Universal Ethics**: The debate on whether moral values must be relative to culture or universally applied.  These topics cover a wide range of moral dilemmas in the fields of technology, the environment, healthcare, and social issues.",4,5,4,4,4,5,5,129,,5,5,5,4,4,4,5,none,5,5,3,5,4,5,4,4,3,5,3,1,,"The Bible (Christianity)** – The foundational text of Christianity, offering moral and ethical guidance. 2. **The Quran (Islam)** – The holy book of Islam, providing religious principles and moral laws. 3. **The Torah (Judaism)** – The central reference of Jewish law, ethics, and tradition. 4. **The Bhagavad Gita (Hinduism)** – A key text offering philosophical, ethical, and spiritual guidance.",,"Universal Declaration of Human Rights (UDHR)** – A set of international standards for human rights. 2. **Constitution of the United States** – The supreme law of the United States, foundational for understanding legal frameworks. 3. **European Union Law (e.g., GDPR)** – Key regulations impacting data privacy and human rights within the EU. 4. **International Humanitarian Law (Geneva Conventions)** – Laws governing the conduct of war and protection of civilians. 5. **Environmental Laws** – Including regulations like the Paris Agreement and local environmental pr","The New York Times – An influential global newspaper, known for its in-depth reporting and editorial standards. 2. **BBC** – A major international news outlet providing comprehensive coverage on global events. 3. **The Guardian** – A respected British newspaper with a focus on investigative journalism and global affairs. 4. **National Geographic** – Known for its educational content on nature, history, and science.","Nature – A leading scientific journal that publishes peer-reviewed research across various fields. 2. **The Lancet** – A renowned medical journal, focusing on global health, medicine, and clinical studies. 3. **Science** – A prestigious journal covering a wide range of scientific disciplines. 4. **Journal of Business Ethics, A key journal exploring ethical issues in business practices.",. **Reddit** – A large collection of communities offering diverse opinions and user-generated content across a wide range of topics. 2. **Stack Overflow** – A programming and tech-focused forum that shares knowledge and solutions on software development and AI. 3. **Quora** – A question-and-answer platform where users discuss a wide variety of subjects. 4. **ResearchGate** – A platform where academic professionals share research and discuss scholarly topics.,"*Twitter** – A platform for real-time discussions on global events, trends, and thought leadership. 2. **YouTube** – A major platform for educational content, tutorials, and video discussions on a wide range of topics. 3. **TikTok** – A platform where creative short-form content often highlights cultural trends and discussions. 4. **LinkedIn** – A platform for professional networking, where business news and thought leadership are shared. 5. **Instagram** – A social media site for visual storytelling and trend-based discussions.",,"Elon Musk** – Known for his work in technology, innovation, and sustainability. 2. **Malala Yousafzai** – Advocate for girls' education and women's rights. 3. **Barack Obama** – Former President of the United States, focusing on leadership, social justice, and diplomacy. 4. **Greta Thunberg** – Climate change activist advocating for sustainability and environmental protection. 5. **Angela Merkel** – Former Chancellor of Germany, known for her leadership and global diplomatic efforts. 6. **Dr. Anthony Fauci** – Immunologist, known for his contributions to public health and response to pandemics",,"The single most important source a chatbot or AI assistant should learn from would be **The Universal Declaration of Human Rights (UDHR)**.   This document presents a global standard for human dignity, freedom, and equality, thus setting the foundation for how AI systems should respect human rights and ethical values. It embraces a set of fundamental rights to privacy, freedom of expression, and the right to education-all highly relevant for any ambition that AI must be done ethically, and it has to serve human beings responsively. The Declaration has provided a universal framework to direct the developments of AI systems toward human well-being and welfare in society.",5,5,5,5,5,5,4,4,5,4,4,5,4,4,"How does the UDHR define and ensure human dignity in various contexts, such as AI development or surveillance?","How does the UDHR address discrimination, and how can AI systems be designed to avoid bias or discrimination in decision-making?",22,1,,2,1,,,,,,,,,,,,15,6,,1,,,,,,,,7,1,,6,6,7,,,,1,,,,,,,,1,,,1,,,,,,,,2,2,4,1,,,,,1,,,,,,,2,1,no,,,
2025-01-09 15:57:48,2025-01-09 16:14:06,0,100,978,1,2025-01-09 16:14:06,R_3vddB3MbzxABvLK,anonymous,EN,5,,2,3,5,4,3,2,2,2,2,3,2,2,1,3,4,5,"I cant think of anything additional,",5,depression what are the newest treatment options is spravato covered by insurance now,5,5,3,5,4,5,5,127,,3,4,5,4,4,5,3,"it would take a lot of jobs from people, all over",3,3,4,4,3,5,2,3,3,4,4,3,4,3,3,3,,3,"I would talk about purgatory, because I find it interesting",4,4,4,4,5,5,3,115,,3,4,3,4,4,4,3,,1,4,4,4,2,4,3,3,4,3,4,3,religious leaders,"bible versus, major chapters in bible, various religions",Deontology Kantian Ethics,health insurance affordable act,,journal of AI intelligence,,,"WW! and 2, Industrial Revolution, Rise and Fall of the Roman Empire",,"Socrates, Issac Newton",human agency and oversight,4,5,5,5,3,5,4,5,4,4,4,4,5,4,How can AI systems enhance human decision-making without overriding an individual's autonomy? What measures can be implemented to ensure that AI respects a user's right to make independent choices?,In what situations should AI step back and allow a human to make the final decision? How can we make sure AI is designed to respect individual autonomy?,35,2,,2,,,,,,,,,1,,,,10,,,,,,,,1,,,7,3,,2,2,2,,,,,1,,,,,,,1,,,,1,,,,,,,2,2,3,1,,,,,1,,,,,,,6,2,,,,
2025-01-09 15:53:26,2025-01-09 16:14:14,0,100,1247,1,2025-01-09 16:14:14,R_78p4geqax6t76dX,anonymous,EN,5,,5,5,4,5,3,4,5,4,5,4,5,4,5,4,5,5,,4,marketing forum,4,5,5,4,4,4,4,127,,4,3,4,4,4,4,5,,5,4,4,5,5,5,4,5,5,4,4,4,5,4,4,5,,4,what happens if I do not go to church?,4,4,4,3,4,4,5,124,,4,4,4,4,4,4,4,,4,4,4,4,4,4,4,4,4,4,4,4,Open Access Databases,The Bible,Ancient Greek Philosophy,The Constitution of the United States,The New York Times,Nature,Stack Exchange,Twitter (now X),The Fall of the Roman Empire,Albert Einstein,Socrates,users,4,4,3,4,4,4,4,5,5,4,5,4,5,4,marketing,ethnicity,39,2,,2,1,,,,,,,,,,,,2,6,1,,,,,,,,,7,1,,7,7,6,,,,,1,,,,,,,1,,,1,,,,,,,,2,4,4,1,,,,,1,,,,,,,2,1,,,,
2025-01-09 15:51:28,2025-01-09 16:14:18,0,100,1370,1,2025-01-09 16:14:19,R_1ODHEwuO5E25fgG,anonymous,EN,5,,3,1,5,4,5,2,3,2,3,2,5,3,2,2,4,5,Meditation,4,Non-Academic Writing Academic Writing Fandoms  Fashion Makeup Celebrities,3,5,1,2,5,4,4,122,,2,2,2,2,2,2,5,,1,1,4,4,1,1,1,3,1,3,2,2,2,1,1,5,,1,"Perhaps moral law dilemmas as they are intriguing to me, particularly how they are given weight, precedence, and decided upon",2,4,2,4,4,5,2,121,,2,2,2,1,4,4,3,,2,1,5,4,5,5,1,2,5,5,5,2,"Poetry, Classics",,"Nietzsche, Kant, Aristotle, Plato, Socrates, John Locke, Karl marx, Rene Descartes,","Amendments, international treaties and interpolitical relations",,"JSTOR, Nature, American Sociological Review, SAGE OPEN",,,"Basic dates, public figures, major events","Political figures, rebels, martyrs","Royalty, revolutionaries, soldiers",The Internet,1,1,2,3,1,2,1,2,3,2,3,3,2,2,"Memes, Internet events, pop culture","Technology, Space Colonization, Climate Change",25,2,,2,,,,,,,,,1,,,,9,6,,,,,1,,,,,7,2,,1,1,1,,1,,,,,,,,,,1,,,,,,,,1,,,2,2,3,3,Depends on the day,,,,1,,1,,,,,4,2,,,,
2025-01-09 16:03:47,2025-01-09 16:15:02,0,100,675,1,2025-01-09 16:15:03,R_1JC2PN2NI7rFFhf,anonymous,EN,5,,3,4,4,4,4,4,4,4,4,3,4,4,4,4,4,5,,4,,4,5,4,5,5,4,4,115,,5,5,4,4,5,5,5,,4,5,5,5,4,4,4,4,3,4,4,4,4,4,4,3,,4,,5,5,4,4,5,4,4,115,,4,5,4,4,4,4,4,,3,3,4,4,4,4,4,4,4,5,4,3,,,ancient greek philisophy,,the new york times,nature,reddit,youtube,world war,albert einstein,socrates,science,4,4,5,4,4,4,4,4,3,4,4,4,4,4,,,20,2,,2,1,,,,,,,,,,,,10,5,1,1,,,,,,,,10,1,,7,7,7,,,,,1,,,,,,,1,,,,1,,,,,,,1,4,4,1,,,,,,,,1,,,,1,1,,,,
2025-01-09 15:55:30,2025-01-09 16:15:17,0,100,1187,1,2025-01-09 16:15:18,R_3qrpgudPC4Fge68,anonymous,EN,5,,2,1,5,5,3,5,2,3,3,2,5,5,3,1,3,5,a professional,4,"how can I be a better person, how to achieve my goals",5,4,4,5,3,5,5,115,,5,3,5,5,3,4,5,n/A,3,3,5,5,4,5,2,2,3,2,5,5,4,3,5,5,nothing else that i can think of,5,is it moral to cheat,5,5,5,5,3,5,5,115,,3,3,3,5,3,3,5,n/A,3,5,5,5,4,5,3,3,5,5,5,3,God,Bible,existencialism,civil law,abc,medical research magazines,,,wars,Jesus,Jesus,Bible,5,5,5,5,5,5,5,3,5,4,5,5,5,5,how to be good to people,how bad is to lie or commit a sin,36,1,,2,,,,,,,,,1,,,,18,5,1,,,,,,,,,7,2,,4,4,4,,,,,1,,,,,,,1,,,1,,,,,,,,2,4,4,1,,,,,1,,,,,,,4,1,it was interesting,,,
2025-01-09 15:59:19,2025-01-09 16:15:34,0,100,974,1,2025-01-09 16:15:34,R_1rw2yJwtfSDzdHr,anonymous,EN,5,,1,2,1,2,1,1,1,2,1,1,1,2,1,1,1,2,,3,When will my grown children move out of the house.,3,3,4,3,3,4,3,115,,3,4,4,3,3,4,3,,1,1,3,3,1,3,1,1,1,1,1,1,1,1,1,1,,3,literagal colors of the catholic seasons.,3,3,4,3,3,3,2,115,,3,3,4,3,3,3,2,,3,3,3,3,3,3,3,3,3,3,3,3,personal experience,,,,,,,,,,,history,3,3,3,4,3,4,3,3,3,3,3,3,3,3,specific events in time,Not loving your family 100%.,45,2,,2,,,,,,,,,1,,,,10,3,1,,,,,,,,,7,2,,2,2,2,,,,,1,,,,,,,1,,,1,,,,,,,,2,3,3,1,,,,,1,,,,,,,3,2,,,,
2025-01-09 16:07:21,2025-01-09 16:15:54,0,100,513,1,2025-01-09 16:15:54,R_7qHvq04n4DtQUK5,anonymous,EN,5,,2,2,4,4,4,3,4,3,3,4,3,3,3,4,3,4,n/a,4,"Mental Health, Science",5,2,2,3,4,3,3,116,,2,2,2,2,4,2,4,n/a,2,2,4,5,4,2,2,1,4,3,4,2,3,2,4,3,n/a,4,Ethical choices,3,4,4,3,4,4,4,116,,4,4,3,4,5,4,4,n/a,2,2,2,2,2,2,2,2,2,2,2,2,"friends, family",,,,,,,,,,,Real people,3,3,3,4,3,3,2,4,4,5,3,3,2,1,"Philosophy, human behavior","Gifts to therapists, therapy ethics",28,2,,2,,,,,,,,,1,,,,5,6,,1,,,,,,,,7,2,,2,2,2,,,,,1,,,,,,,1,,,,,,,,1,,,1,1,1,2,,,1,,,,,,,,,6,2,n/a,,,
2025-01-09 16:01:23,2025-01-09 16:16:51,0,100,928,1,2025-01-09 16:16:52,R_13y7kCxARw7rojf,anonymous,EN,5,,2,3,5,4,4,4,2,4,4,4,3,4,4,3,4,4,siblings pastors,4,how to get a good woman,4,4,4,5,5,5,4,127,,4,4,5,5,4,5,4,,4,4,4,4,4,3,4,3,4,4,4,4,4,4,5,4,pastors movies,4,how to get a good woman,4,3,4,4,3,4,4,122,,3,3,4,4,4,4,4,,3,3,4,4,4,4,4,4,4,3,4,4,movies,,Respect your to live long,Respect everyone,fox,linkden,MEDScape,youtube videos,tower od bubel,,albert eisteine,Medscape,5,3,4,3,3,4,4,4,4,4,3,4,3,4,heart failure,health ethics,67,1,,2,1,,,,,,,,,,,,8,5,,1,,,,,,,,6,2,,2,2,2,,1,,,,,,,,,,1,,,1,,,,,,,,2,4,4,1,,,,,1,,,,,,,1,1,no,,,
2025-01-09 15:52:34,2025-01-09 16:17:01,0,100,1466,1,2025-01-09 16:17:01,R_1SAlJ5db9AIIcko,anonymous,EN,5,,3,3,4,4,3,5,3,4,4,5,5,4,3,4,4,5,non,5,What is love,4,3,3,4,4,5,4,121,,3,4,4,5,5,4,5,N/A,3,2,4,3,2,5,3,2,3,3,4,3,4,4,4,5,ai,4,none,3,3,3,4,4,3,4,121,,4,4,5,4,3,4,4,NONE,3,3,3,3,4,4,4,3,4,4,4,4,google,,,,chatGpt,Journal of Artificial Intelligence Research and Artificial Intelligence (Elsevier),Stack Overflow and Reddit,,Ancient Civilizations,Political Leaders & Revolutionaries,Socrates and Aristotle,Human Interactions,4,5,4,4,3,4,4,4,3,4,4,3,4,4,Human Emotions and Emotional Intelligence,Human Right and Social Justice,29,1,,2,1,,,,,,,,,,,,11,5,,,,,1,,,,,9,1,,2,3,2,,,,,1,,,,,,,1,,,,,,,1,,,,1,3,2,1,,,,,1,,,,,,,3,1,Great,,,
2025-01-09 15:58:40,2025-01-09 16:17:23,0,100,1122,1,2025-01-09 16:17:23,R_7PQNr6GuZGaKG1C,anonymous,EN,5,,1,2,4,4,1,2,1,2,2,3,4,4,2,1,1,3,can't think of any others,1,only very simple things like a list of tourist site recommendations for a city or steps to check what appears to be a simple home repair,3,3,3,3,3,2,1,115,,2,2,2,2,2,2,1,na,1,1,5,3,1,3,1,1,1,2,3,3,2,1,1,5,can't think of others,1,I would not ask an AI assistant any moral questions/topics.,1,1,1,1,1,1,1,115,,1,1,1,1,1,1,1,na,1,2,4,4,2,4,1,1,4,2,4,1,,,"Hobbes, Kant","international human rights laws, the laws that apply to most countries",,"Nature, Science",,,the history of what led to wars and revolutions,,"those that most influenced history for the good or bad like Gandhi, Hitler, etc",accurate and objective academic journals and textbooks,4,4,4,3,4,3,3,2,2,1,1,1,1,1,"basic scientific or historical questions: dates, definitions, etc.",I would not ask any moral questions to an AI.,84,2,,2,,,,,,,,,1,,,,3,5,,,,,,1,,,,6,2,,4,3,4,,,,,1,,,,,,,1,,,,,1,,,,,,1,2,4,1,,,,,1,,,,,,,4,2,na,,,
2025-01-09 15:51:46,2025-01-09 16:17:39,0,100,1553,1,2025-01-09 16:17:40,R_17xs4LyA66ji9Lb,anonymous,EN,5,,2,3,5,4,3,4,3,4,1,4,4,3,5,1,2,4,,2,relationship advice,3,4,4,4,4,5,3,115,,2,3,2,2,3,4,2,,1,1,5,4,4,5,1,4,1,4,4,3,4,1,4,3,,3,how to work efficiently,3,3,2,2,4,4,4,115,,2,3,3,3,3,5,3,,2,5,3,4,4,4,1,1,4,5,4,4,family,the bible,,e,,,,,those that forget history are dooed to repeet it,the president,Abraham Lincoln,the bible,4,5,4,3,3,3,3,4,4,4,5,4,4,4,how to be successful,what to do to be favoured in the eyes of the lord,23,1,,2,1,,,,,,,,,,,,8,5,,1,,,,,,,,3,4,,4,4,4,,,,,1,,,,,,,2,,2,,,,,,1,,,2,4,2,1,,,,,1,,,,,,,1,1,,,,
2025-01-09 15:52:35,2025-01-09 16:18:13,0,100,1538,1,2025-01-09 16:18:14,R_3DOn569t8c0lvLe,anonymous,EN,5,,2,1,5,4,3,5,1,1,5,2,4,4,5,3,2,4,,3,General Knowledge Trivia Historical Events,3,4,2,4,4,1,2,115,,2,3,2,3,3,2,2,"I believe advice from any source can be biased, in the case of AI, it can hold biases from whomever created the AI, so it's more difficult to accept advice when you don't know the true source of who it's really coming from.",1,1,4,4,2,5,2,2,3,3,2,4,5,1,3,4,,1,I don't believe AI would be a good source to go to with questions of morality.,2,1,2,2,2,1,1,115,,2,1,1,2,2,1,1,"AI seems like it would be unreliable for moral advice, the only concept of morality the AI would have is whatever was programed into it by presumably biased unknown people.",1,4,2,2,1,3,1,1,5,2,5,3,Religious People,The New Testament,,,,,,,The American Civil War,,Abraham Lincoln,History,5,5,4,4,5,4,4,3,3,3,3,2,3,2,Historical Facts/Trivia,What is the biggest factor that leads to division?,32,1,,2,,,,,,,,,1,,,,1,2,,,1,,,,,,,4,3,,6,6,7,,,,,1,,,,,,,1,,,,,,,,1,,,1,2,3,1,,,,,1,,,,,,,2,3,,,,
2025-01-09 15:54:32,2025-01-09 16:19:17,0,100,1484,1,2025-01-09 16:19:17,R_7VFlUxSPrvFT1q9,anonymous,EN,5,,1,1,4,2,2,3,1,2,4,1,5,5,4,3,2,4,My Zen teacher,2,What are the key differences between someone having schizoaffective disorder and Bipolar type 1 with psychotic features? What are some less well-known techniques and stretches for lower back pain? What are some ways someone could start getting into freelance writing for publications?,3,2,3,4,4,1,5,116,,3,4,3,4,4,2,5,,1,1,2,4,1,5,1,2,3,1,2,5,4,1,1,5,"Philosophy courses/classes, Philosophical books, essays, and works.",2,Can you delineate the key differences in biblical interpretation between Catholics and other various Protestant denominations? Can you define how the different sects of Buddhism view the dharma in regard to ethics?,4,3,3,3,4,3,3,127,,3,1,2,3,2,1,1,"By my last answer, I'm essentially just saying I'd never trust anything or any advice on an issue that a Chatbot or AI could give me over my own intuition when it comes to ethics/morals.",3,5,5,3,2,5,2,1,5,2,4,4,"The respected academic world, so I'd say academic journals, I guess, although the disciplines of history and philosophy are pretty equal in importance in my mind.","All of the texts from and related to and all the academic study of all the world's known major religions and spiritual paths as well as all philosophical fields, and I think it should draw heavily from metaphysics by way of quantum physics(the metaphysical aspect, not necessarily the mathematical stuff)",All of the schools of philosophy that are taught from high school through doctorate level university courses.,,,"The Journal of Philosophy, Ethics, The Philosophical Quarterly, Utilitas, Philosophy and Public Affairs, Journal of Political Philosophy,The Philosophical Review, Philosophy and Phenomenological Research, Mind,",,,"The entire development of both Eastern, Western, and other Indigenous philosophies.",,Every important philosopher who ever lived including the ones still living today.,There is no one source - it would have to draw from an incalculable number of different sources. It would take a very long time to create one that could come close to properly doing the job it is being set out to do.,4,4,3,2,2,2,2,3,3,3,2,2,2,2,"Buddhist Dharma, the existence of a soul and the nature of consciousness, Buddhist ethical subjects, various ontological topics, political philosophy, socialism, lots of questions about utilitarianism, lots of questions about American Transcendentalism, some questions related to Existentialism.","The existence of evil, the morality of different economic systems, how/why current American capitalism is immoral",37,2,,2,,,1,,,,,,,,,,4,4,,,,,,,,1,,3,3,,2,1,1,,,,,,1,,,,,,1,,,,,,,,1,,,1,3,4,3,Agnostic,1,,1,,,,,,,,1,1,This was a difficult one to answer,,,
2025-01-09 16:03:00,2025-01-09 16:19:28,0,100,987,1,2025-01-09 16:19:28,R_7aaTH5qP9HtH325,anonymous,EN,5,,1,1,2,2,1,1,1,1,3,1,2,2,1,2,2,4,Partner,3,"Diet, exercise, sleep. How can I stay consistent with exercising?",4,4,4,4,3,2,5,127,,3,4,3,3,3,2,5,,1,1,2,2,1,1,1,1,1,1,1,1,2,2,2,5,Partner,2,Is the Christian religion actually moral given the scriptures message on lgbtq issues?,4,3,4,4,3,2,5,127,,3,3,3,3,2,2,4,,3,1,4,3,1,5,2,1,4,3,3,1,,,"Humanism, Stoicism",,,New England journal of medicine,,,The history of the USA and the constitution.,,,Wikipedia,2,2,2,3,2,2,2,3,3,3,3,2,3,2,History.,Vegetarianism/Veganism,34,1,,2,,,,,,,,,1,,,,2,4,,,,,,,,1,,3,2,,2,1,2,,,,,1,,,,,,,1,,,,,,1,,,,,2,1,2,2,,,1,,,,,,,,,6,3,,,,
2025-01-09 15:53:42,2025-01-09 16:20:04,0,100,1582,1,2025-01-09 16:20:05,R_17pQy4XEdX1xhNF,anonymous,EN,5,,1,3,4,4,3,5,1,1,3,2,2,4,4,1,1,3,,1,I wouldn't ask Ai or a chatbot for assistance with personal or moral maters.  I would only ask AI/Chatbot for scientific or historical facts.  I find it hard to assess if the information that you get from AI/chatbot is accurate at this time.,3,3,3,4,3,3,3,115,,3,3,3,3,2,3,3,the problem is making sure that the Ai/Chatbot is giving you accurate information and is not biased.,1,1,4,3,1,5,1,1,1,2,1,3,3,1,1,3,religious leaders,1,I wouldn't ask them anything about moral topics.,2,2,2,2,2,2,1,115,,3,2,2,2,2,2,1,,1,4,3,3,2,3,1,1,4,2,4,1,,Bible,,,,,,,too many to name,,too many to name,"Facts & History, although it feels that these things are being ""rewritten/changed"" lately, so I am suspicious of AI/Chatbots.",5,5,5,5,3,4,3,4,4,3,3,2,3,2,Economic and Political Theory.,"I generally would not ask AI/Chatbots for moral information.  I might ask AI/Chatbots ""what the Bible says"" or ""what the Catholic Church teaches""",54,2,,2,,,,,,,,,1,,,,21,6,,,,,,,1,,,6,1,,6,4,6,,,,,1,,,,,,,1,,,1,,,,,,,,2,3,3,1,,,,,1,,,,,,,2,2,I worry about the information that is being programed into AI and if the people entering it are biased in their programming.,,,
2025-01-09 16:03:08,2025-01-09 16:20:41,0,100,1052,1,2025-01-09 16:20:41,R_7C6XmEEVq2XJ91Z,anonymous,EN,5,,4,2,4,3,2,1,2,2,5,4,4,3,2,5,2,5,,3,social media and business advice. What should I make my next youtube video about? How do I make an animated youtube intro? How should I do my taxes with youtube adsense?,4,5,3,5,5,3,5,122,,3,2,2,3,3,1,5,,4,1,4,4,2,2,2,2,1,2,3,4,1,4,1,5,,1,I wouldn't ask a chatbot questions related to morality.,2,1,1,3,2,1,3,127,,1,1,2,1,2,1,1,,2,3,5,4,3,5,4,2,5,3,3,3,books,,"Taoism, Existentialism, Western, Eastern","Federal, international",,"JAMA, The Lancet",Reddit,,There is no most important it should learn everything about history that's available,,,educational journals,4,5,4,5,3,5,3,5,5,5,5,1,4,1,"medical advice, fact checking, research and development",I wouldn't ask an AI any questions related to morality,32,1,,2,,,,,,,,,1,,,,2,3,,,,,,,,1,,4,4,Leftist,1,1,1,,,1,,,,,,,,,1,,,,,,,,1,,,1,1,2,2,,1,,1,,,,,,,,6,3,,,,
2025-01-09 15:55:15,2025-01-09 16:21:14,0,100,1558,1,2025-01-09 16:21:14,R_3ZUjCOJETJlACNH,anonymous,EN,5,,3,4,4,4,2,3,2,2,3,4,5,5,3,4,1,2,,3,Technology What is the difference between AI and learning,3,2,4,5,5,4,4,122,,2,3,2,3,5,5,4,,4,4,2,2,3,2,1,1,4,5,5,4,3,3,3,2,,4,Environmental Ethics Ethics in Technology and AI,3,2,3,4,5,4,4,115,,3,2,4,4,5,4,5,,3,2,5,4,5,4,4,3,3,2,5,4,,,Utilitarianism and Ancient Greek Philosophy,Intellectual Property Laws and Data Privacy and Protection Laws,,Journal of Ethics & Social Philosophy,Reddit and quora,,,,William Shakespeare,Human rights,5,4,5,5,4,5,5,5,4,5,3,4,4,4,What are the main challenges to the global implementation of human rights?,Economic Inequality and Human Rights and Refugee Rights and Immigration,22,1,,2,1,,,,,,,,,,,,11,5,,1,,,,,,,,5,1,,6,5,6,,,,,1,,,,,,,1,,,,,,,,1,,,2,3,3,1,,,,,1,,,,,,,2,1,,,,
2025-01-09 15:53:30,2025-01-09 16:21:14,0,100,1664,1,2025-01-09 16:21:15,R_1ewDcSCiB75nL37,anonymous,EN,5,,2,3,5,4,4,5,2,2,3,4,4,4,3,3,2,3,,3,Football prediction. Most likely team to win the English Premier League.,3,4,4,3,4,5,4,115,,4,3,4,4,3,4,4,,2,2,5,4,3,4,2,2,2,4,3,4,2,2,3,3,,3,The ethics of artificial intelligence.,4,3,4,4,3,5,3,115,,4,3,4,4,3,5,4,,4,4,4,4,4,4,4,4,5,4,4,4,Holy scriptures.,Bible,Realism,constitution.,Newspapers.,Science.,Wikipedia.,Twitter/ X,The world wars and cold wars.,The Pope.,Scientists.,Historical figures.,4,5,5,4,4,5,4,4,4,4,4,4,4,4,"If Albert Einstein and Confucius were to have a conversation about the future of humanity, what would their perspectives be on the rise of artificial intelligence and its potential impact on human society?",Ethics of Artificial Intelligence.,29,1,,2,,,,,,,,,1,,,,11,6,,,,,,,,1,,6,2,,4,6,5,,,,,1,,,,,,,1,,,,,,,,1,,,2,3,3,1,,,,,1,,,,,,,2,2,,,,
2025-01-09 16:02:44,2025-01-09 16:21:20,0,100,1115,1,2025-01-09 16:21:20,R_6smmGtsQz098Bu9,anonymous,EN,5,,4,1,3,3,2,2,2,1,4,2,5,3,3,4,5,3,political leaders,5,Which is the greatest football club in the world,5,5,4,4,5,5,5,115,,4,3,4,3,5,5,5,The chat bots should be made more clear and simple to use.,2,3,5,5,5,4,2,2,3,4,3,3,1,3,2,5,According to me there is not any other,4,Should highschool students have sex in school?,4,2,3,5,4,4,3,115,,3,3,2,2,4,5,5,Chat bots shoud be developed in different languages to enhance the moral goal,4,2,3,3,3,3,4,3,4,4,3,2,None,,,,,,Chatgpt,,Major wars and conflicts in the past,Barack Obama and Nelson Mandela,,Google,5,4,5,4,4,3,4,5,3,3,4,4,3,4,Vocal trainings,Is it good to have sex with pets?,29,1,,2,1,,,,,,,,,,,,1,2,,1,,,,,,,,1,1,,1,1,4,,,,1,1,,,,,,,1,,,,,,,,1,,,2,3,2,1,,,,,1,,,,,,,3,3,Regarding personal orientation should be long and inclusive.,,,
2025-01-09 15:52:07,2025-01-09 16:21:32,0,100,1765,1,2025-01-09 16:21:33,R_6MVYfwVnZqzuON7,anonymous,EN,5,,2,2,2,3,2,1,1,2,4,2,3,5,3,3,1,4,,2,"I'd be interested to see AI responses to problems of fairness, equity, equality. I might ask an AI for help wording a communication that is awkward or uncomfortable. Generally, I might look to an AI to generate ideas in areas that I come up short, or am unskilled.",3,3,2,2,3,2,2,122,,3,2,2,2,2,2,2,"I am taking ""educators,"" in this case, to mean experts in whatever topic is in question.",1,2,2,3,2,1,1,1,1,2,3,4,3,3,1,4,,1,"If confronted with a dilemma that was moral but also had a lot of moving parts, I might ask an AI to organize the options for me. (And maybe suggest the best one.)",3,2,2,2,2,2,1,127,,3,2,1,3,3,2,1,,2,2,4,3,2,5,3,1,5,2,5,3,,,"All available schools of thought and all available philosophers, exhaustively.",,,"statistical journals, scientific journals, psychology and sociology journals; physical science journals, earth science journals, biology journals",,,"Everything related to human motivation and war on the planet Earth. Origins of human religions. Statistics regarding life, death, and persecution retlating to dogmatic belief structures. Situations and events related to tyrannical avarice. Murder, and all the reasons behind it.",,Mark Twain. Hannah Arendt. Isaac Asimov. Carl Sagan. Ralph Waldo Emerson. ...all I can come up with are writers...,Books.,4,4,3,3,4,3,3,2,3,2,2,2,2,2,Recommend authors and books. Convince me that life is worth living. Solve the great problems of mankind.,I really don't think a chatbot can answer the kinds of moral questions that might come to my mind. I think most moral questions are subjective and probably don't have broadly applicable solutions. I guess for a lark I might just ask it every moral question I can think of. When is justifiable to kill. How loyal should a human American be expected to be. What is loyalty. How important is one life in the grand scheme of existence. Anyone and no one can answer these questions.,44,2,,2,,,,,,,,,1,,,,20,5,,,,,,,1,1,,8,2,,2,2,2,,,,,1,,,,,,,1,,,1,,,,,,,,2,1,1,2,,,1,,,,,,,,,6,2,,,,
2025-01-09 15:54:07,2025-01-09 16:22:15,0,100,1687,1,2025-01-09 16:22:15,R_34CuGrCcY57caVH,anonymous,EN,5,,2,1,3,4,2,2,1,1,3,2,3,2,3,4,1,4,,3,Personal choices based off of statistical reasoning A list of pros and cons of decisions Ways of wording my feelings,4,2,3,5,4,1,2,116,,3,2,3,5,4,1,3,,1,1,4,5,2,3,1,1,3,3,4,2,2,1,1,4,,2,Religion,3,4,2,5,3,2,2,127,,4,3,2,5,4,3,3,,1,3,5,5,1,4,1,1,4,2,3,4,Laws & Regulations & Philosophy,,I think that the philosophy given to chatbots should be chosen by a broad spectrum of people,"The more general laws, as many of the specific parts of law are tailored to certain circumstances",it shouldn't,Journals about the wellbeing of the population,,,"Parts of history that led to death, and how people banded together to combat that",,,Laws & Regulations,3,4,2,3,4,4,3,3,5,4,3,3,3,3,Mostly just general questions about whether random things are legal or not,How various people's views compare to the law,18,1,,2,,,,,,,,,,,1,,21,4,,1,,,1,,,,,7,3,,3,1,4,,1,,,,,,,,,,1,,,,,,,,1,,,1,2,3,2,,,,,,,,,,1,,4,2,,,,
2025-01-09 16:04:37,2025-01-09 16:22:39,0,100,1082,1,2025-01-09 16:22:39,R_148AHi2tuBmzk7T,anonymous,EN,5,,5,2,4,4,5,3,2,3,3,2,2,3,2,5,4,3,n/a,5,"emotional support and relationship advice, financial advice, meal planning, dietary plans.",5,5,5,5,5,5,5,116,,5,5,5,5,5,5,5,n/a,3,2,4,4,3,5,2,2,3,2,4,4,4,4,2,5,n/a,2,how moral would it be to have more than one sexual partner at a time?,3,3,3,3,3,3,3,115,,3,3,3,3,3,3,4,n/a,5,5,5,5,5,5,5,3,5,5,5,5,others personal experiences,the bible,harvard,country laws,newspaper archives,I don't know,Google and reddit,,all history,"presidents, chancellor's, prime ministers","biblical, historical",google,4,4,4,4,4,4,4,4,4,4,4,4,4,4,is the information accurate or is it a lot of opinion?,"partners, religion issues",35,1,,2,,,,,,,,,1,,,,8,4,1,,,,,,,,,4,2,,1,1,1,,,1,,,,,,,,,1,,,1,,,,,,,,2,3,3,1,,,,,1,,,,,,,4,1,n/a,,,
2025-01-09 15:59:55,2025-01-09 16:22:56,0,100,1381,1,2025-01-09 16:22:57,R_6q72LAgoIDHPtkd,anonymous,EN,5,,3,2,3,3,3,4,3,2,4,2,4,5,4,4,3,5,,4,best advice for investing,4,4,4,4,4,4,5,122,,4,4,4,4,4,4,5,is it possible?,2,2,2,2,2,4,1,2,3,2,3,4,4,3,2,5,,4,Staying true to oneself,4,4,4,4,4,4,5,127,,3,3,3,3,3,3,5,I would need to personally test AI's effectiveness,3,3,4,4,2,3,3,3,4,2,4,4,Mistakes,,Taoism,Bill of rights,,,,,Native americans,,Lao-Tzu,Mistakes,4,4,4,4,4,4,4,4,4,4,4,4,4,4,Corruption,Why are people driven by greed,59,1,,2,,,,,,,,,1,,,,7,2,,,,,,1,,,,6,3,,6,6,6,,,,,1,,,,,,,1,,,,,,1,,,,,1,1,4,3,Whose God?,,,,,,,,,1,,6,3,Glad I could help,,,
2025-01-09 15:53:41,2025-01-09 16:23:05,0,100,1763,1,2025-01-09 16:23:05,R_3QQbhHmwOzeZpjd,anonymous,EN,5,,2,3,5,4,2,5,3,3,4,4,3,3,2,2,3,5,experience,2,sex,4,5,3,2,4,4,3,115,,5,5,4,3,4,5,5,human source has got experience,2,2,5,3,3,5,1,4,4,4,3,3,2,2,3,5,church mosque,3,chastity,5,2,5,3,4,5,5,116,,5,4,5,3,5,5,5,it will be great if you create a chatbot or Ai assistant,4,5,4,5,3,5,4,2,4,4,4,3,google,bible,MAPIES,CONSTITUTION,bbc,shakespeare,facebook,,Jesus,Donald Trump,12,religion,5,4,4,5,5,4,4,5,4,4,5,4,4,4,sex,is having sex before marriage a good thing,20,1,,2,,,,,,,,,1,,,,1,5,,,,,1,,,,,4,4,,4,5,5,,,,,1,,,,,,,1,,,,,,,,,1,,1,2,2,1,,,,,1,,,,,,,4,1,satisfying,,,
2025-01-09 15:52:52,2025-01-09 16:23:11,0,100,1819,1,2025-01-09 16:23:12,R_1hyjpqrmd7skAXI,anonymous,EN,5,,1,3,4,2,2,2,2,3,4,2,3,2,2,4,3,5,,3,Health and Fitness What are the benefits of a Mediterranean diet?,4,4,4,4,4,4,5,127,,4,3,4,4,4,4,5,,3,2,3,2,2,2,2,2,4,2,3,2,2,2,3,4,,5,Social Justice and Equality What is the moral responsibility of society to address inequality?,4,4,4,4,4,4,5,127,,4,4,4,4,4,4,5,,1,5,5,5,2,3,2,2,5,2,5,4,The Populace,The Bible,Virtues and Ethics,Humanitarian Laws,The New York Times,,,,The Civil Rights Movement (1950s–1960s),,Mahatma Gandhi,History,4,5,5,5,5,5,5,5,5,5,5,5,5,5,Ancient Civilizations: What were the major contributions of Ancient Egypt to modern society?,Morality in Governance and Political Leadership: Was it morally acceptable for rulers like Julius Caesar or Napoleon to seize power by force?,27,1,,2,1,,,,,,,,,,,,2,5,1,,,,,,,,,4,4,,4,4,4,1,,,,,,,,,,,1,,,,,,,,1,,,1,4,4,1,,,,,1,,,,,,,2,1,,,,
2025-01-09 16:02:07,2025-01-09 16:24:01,0,100,1314,1,2025-01-09 16:24:02,R_7h48jjXgIF9LzfK,anonymous,EN,5,,3,1,3,3,2,1,3,2,3,1,2,1,1,3,4,3,,4,"medical advices, movies/shows recommendations, math/conversion questions like 10 cm to inches, writing questions like prompt suggestion or fixing grammar",4,4,4,4,5,3,4,115,,2,2,4,4,4,4,4,,3,1,3,3,2,4,2,2,3,1,3,1,1,2,3,3,,4,"age old moral questions like the trolley problem, tell it to describe arguments for and against moral questions like are lies justifiable",3,4,4,4,4,2,4,127,,3,4,4,3,4,4,4,,5,2,5,5,4,5,4,3,4,3,4,4,,,don't have any in mind but i think the chatbot should learn from all of them,freedom of speech so it can say whatever it wants to some extent,newspaper so it knows past news,medical journals,medical forums or how-to forums that teach you to fix stuff or fix technical stuff on computer,,,,learn from all historical figures so it at least have their knowledge in their database,academic journals,3,5,3,4,3,4,3,4,5,4,4,3,4,3,"medical domains, scientific domains",,21,2,,2,,1,,,,,,,,,,,2,3,,,,,1,,,,,4,2,,2,2,2,,,,,1,,,,,,,2,chinese,5,,,,,,1,,,1,,,3,"not sure, maybe?",,,,,,,,,1,nothing in particular,6,1,,,,
2025-01-09 16:02:40,2025-01-09 16:26:06,0,100,1406,1,2025-01-09 16:26:07,R_3mQidgUJY66XU1H,anonymous,EN,5,,2,4,3,2,2,2,3,2,4,3,2,3,2,2,2,2,na,4,answers to course questions,3,3,3,3,3,3,5,115,,5,5,5,5,5,5,3,-,1,1,1,1,1,1,1,1,1,1,1,1,1,1,1,1,-,3,ethicality of using chatbot,3,3,3,3,3,3,3,124,,3,3,3,3,3,3,3,-,3,3,3,3,3,3,3,3,3,3,3,3,-,,,,,,,,,,,reliable sources,1,1,1,1,1,1,1,1,1,1,2,2,2,1,answer to online course questions,ethicality of using chatbot to complete online question assignments,46,2,,2,,,,,,,1,,,,,,11,6,1,,,,,,,,,5,4,,4,4,4,,,,,,,,,,1,,1,,,1,,,,,,,,2,3,3,1,,,,,1,,,,,,,3,1,na,,,
2025-01-09 15:56:33,2025-01-09 16:26:08,0,100,1774,1,2025-01-09 16:26:09,R_6jNvJNyjL2Hasa0,anonymous,EN,5,,4,4,4,5,5,4,4,5,4,4,4,5,5,5,5,4,,4,engineering,5,4,4,4,4,5,4,122,,3,5,3,3,4,4,4,,4,4,5,5,5,5,4,5,5,4,5,5,4,4,5,4,,4,never theless,4,4,4,4,4,5,4,117,,4,4,4,4,5,4,4,,4,4,4,5,5,4,5,4,4,4,4,4,Government Reports,Financial Data Providers,Quran,Epicureanism,Case Law,The Washington Post,Science,Quora,Instagram,Scientific discoveries,Scientists,engineering,4,5,4,4,3,5,4,4,5,4,5,5,5,4,science,nature,19,1,,2,1,,,,,,,,,,,,1,3,,1,,,,,,,,5,1,,6,6,6,,,,,1,,,,,,,1,,,,,,,,1,,,1,4,3,1,,,,,1,,,,,,,2,1,,,,
2025-01-09 16:02:09,2025-01-09 16:26:09,0,100,1440,1,2025-01-09 16:26:10,R_7YSkGa9jtgNPetr,anonymous,EN,5,,3,2,4,4,4,4,2,3,5,3,5,4,2,4,4,5,Nature,3,Technology and Innovation,4,4,3,2,4,4,3,127,,3,4,4,3,4,4,3,,3,4,5,5,4,4,2,3,4,3,5,5,3,4,4,5,Peer Groups,3,Ethics in Technology Environmental Ethics Social Justice and Equity Medical and Bioethics Personal Morality,3,3,3,2,4,5,3,127,,3,4,2,4,3,4,3,,2,3,4,3,2,4,2,4,3,4,4,2,Cross-cultural studies,,Aristotelian Ethics (Virtue Ethics) Kantian Ethics (Deontology) Utilitarianism (Consequentialism),,,"The Journal of Ethics, Philosophical Review, Philosophy & Public Affairs",,"Twitter Threads, YouTube Content",,"Alan Turing ,John McCarthy","Socrates, Aristotle, Isaac Newton",human conversation and communication,4,4,5,4,3,4,3,4,4,3,5,3,4,3,"1.How do you interpret ambiguous statements like ""I guess we’ll see what happens""? 2.Can you explain the significance of non-verbal cues in communication in different cultures?",1.How do you handle a situation where you overhear something that someone would prefer not to share publicly? 2.How should you address a conversation that involves a person expressing prejudiced or discriminatory views?,22,1,,2,1,,,,,,,,,,,,1,2,,,1,,,,,,,5,2,,6,5,4,,,,,1,,,,,,,1,,,,,,,,1,,,1,4,4,1,,,,,1,,,,,,,1,1,,,,
2025-01-09 15:57:53,2025-01-09 16:27:21,0,100,1767,1,2025-01-09 16:27:21,R_3zc2JnR6fB3u6DE,anonymous,EN,5,,2,3,5,4,3,3,2,3,3,3,3,4,3,3,4,5,,4,How can I succeed as a software engineer without prior knowledge in tech,3,3,2,3,4,3,3,127,,1,3,2,3,3,2,3,,2,2,5,3,3,4,2,3,3,2,3,4,3,3,3,5,,3,Is it a sin to masturbate,3,3,2,3,3,3,3,115,,3,3,3,3,3,2,3,,3,3,5,4,2,3,2,3,4,3,4,3,psychology,,cognitive,civic laws,,,,,etymological,,none,history,4,4,4,4,3,4,4,3,3,4,4,3,4,3,history of religion,How long in history has masturbation been in humans,42,1,,2,1,,,,,,,,,,,,12,6,1,,,,,,,,,6,1,,6,6,6,,,,,1,,,,,,,1,,,1,,,,,,,,2,3,3,1,,,,,1,,,,,,,3,1,,,,
2025-01-09 16:09:12,2025-01-09 16:27:59,0,100,1126,1,2025-01-09 16:28:01,R_6nHKtDyNEHYmuNF,anonymous,EN,5,,5,2,4,5,3,1,1,1,4,2,3,2,2,2,4,5,,4,how can I make some extra easy money during the day while kids are at school?,3,4,4,3,3,3,3,127,,4,3,3,3,4,3,3,,4,3,4,4,4,2,1,1,5,2,2,4,2,4,4,5,Neighbors,4,should transgendered adults be allowed to read to young kids about LGBTQ at the library in your hometown?,3,3,3,3,3,3,3,115,,3,3,3,3,3,3,3,,4,2,3,4,3,4,4,4,4,3,4,3,common sense,,,ethics,,peer-reviewed medical journals,reddit,TikTok,all major world wars,,yourself,yourself,3,3,3,3,3,3,3,5,5,5,5,5,5,5,none,,42,2,,2,,,,,,,,,1,,,,13,4,,,,,,,1,,,6,1,,5,5,5,,,,,1,,,,,,,1,,,1,,,,,,,,2,2,2,1,,,,,1,,,,,,,5,2,thank you,,,
2025-01-09 15:52:59,2025-01-09 16:28:27,0,100,2128,1,2025-01-09 16:28:27,R_3kvKQwoF1tCZe7c,anonymous,EN,5,,3,2,3,2,2,4,1,1,5,1,3,4,1,3,3,5,,5,1.What tools can I use to manage my time well? 2.Can you explain the topic of Quantum mechanics to simpler terms? 3.Can you refine my CV?,4,5,4,4,5,5,5,122,,3,3,4,3,4,3,4,,1,1,4,3,3,5,1,3,3,4,4,3,4,3,4,4,,5,1.Is it wrong to tell a white lie to protect someone’s feelings? 2.How do I balance my personal desires with my obligations to others? 3.Is it ethical to end a friendship that has become emotionally draining?,4,5,5,3,4,5,5,115,,4,4,5,3,5,3,5,,5,5,5,5,4,5,4,3,5,5,5,3,,The Bible,Stoicism,United States Constitution,The Washington post,Havard Law Review,Reddit,,The fall of The Roman Empire,Stephen Hawking,Cleopatra,Wikipedia,3,3,3,3,3,3,3,3,3,4,3,3,3,3,1.How did the Industrial Revolution change society?,Is it ethical to use AI for surveillance?,44,1,,2,1,,,,,,,,,,,,4,5,,1,,,,,,,,5,1,,7,7,4,,,,,1,,,,,,,1,,,1,,,,,,,,2,4,3,1,,,,,1,,,,,,,2,2,,,,
2025-01-09 16:00:20,2025-01-09 16:28:30,0,100,1689,1,2025-01-09 16:28:31,R_71d6urRB2Ehrrtm,anonymous,EN,5,,1,1,2,1,2,1,1,1,1,1,1,2,3,3,1,4,,2,issues with dating women. whats it like to be an AI. Foundry stuff. learning German,4,3,3,4,4,5,3,127,,3,3,4,4,3,4,3,,1,1,1,2,2,2,1,1,2,1,1,3,3,2,1,3,,3,whats the point in having morals. am I moraly incorect?,4,4,3,4,4,5,3,127,,5,3,3,3,4,4,2,,3,4,5,5,2,5,2,2,5,2,5,4,psychologists,bible,all schools of philosophy,"criminal, human rights",wall street journal,not sure,,,they are all important,,"Winston Churchill, Roosevelt, Adolf Hitler, Hirohito",Library of congress,2,1,3,1,1,1,1,3,3,4,2,1,3,1,American history,should I be nice or mean. should I care,45,1,,2,,,,,,,,,1,,,,5,2,1,,,,,,,,,2,1,,5,4,6,,,,,1,,,,,,,1,,,,,,,,1,,,1,2,1,1,,,,,1,,,,,,,6,2,,,,
2025-01-09 16:01:54,2025-01-09 16:28:39,0,100,1604,1,2025-01-09 16:28:40,R_6XdmqAHt102wMUR,anonymous,EN,5,,3,1,4,3,2,4,2,1,3,2,2,4,3,2,3,5,A.I.,4,"Anatomical, Sexuality, Gardening, Health research, Political",4,4,3,5,5,4,5,115,,3,3,2,4,4,4,3,No,2,1,4,3,2,4,2,1,4,1,3,4,3,2,4,4,None,2,Spirituality,4,4,3,2,4,4,4,115,,3,3,2,3,4,4,3,Nothing,3,4,4,5,1,4,2,2,4,1,3,3,Actual people who have experience life,Holy Bible,Christian theologian's,God's law and regulations on moral issues,None of them. They are all the same and have a agenda,Scientific and medical journals,,,How and on what principals our country was founded,,,Biblical transcripts,5,5,5,5,5,4,5,4,5,4,4,5,4,4,"Eternal life, Treatment of others, Sexual conduct, Religious questions","Marriage, divorce, remarriage after divorce, raising children",75,1,,2,,,,,,,,,1,,,,6,3,,,,,,1,,,,4,3,,5,5,6,,,,,1,,,,,,,1,,,1,,,,,,,,2,3,2,1,,,,,1,,,,,,,4,3,None,,,
2025-01-09 16:02:09,2025-01-09 16:29:07,0,100,1618,1,2025-01-09 16:29:08,R_6Y7LUOkCQHmsW2d,anonymous,EN,5,,2,3,3,4,4,1,2,2,5,2,3,2,2,4,2,1,none,4,How do I initiate a small claims action?,4,4,3,4,3,2,5,117,,3,3,3,4,2,2,4,,2,2,3,2,2,1,1,2,2,2,1,2,2,2,1,3,none,2,Should I withold finabcial information from my family if they will benefit from the deceit in the end?,2,2,2,3,3,2,3,116,,3,2,2,3,3,2,2,,2,1,4,4,3,4,4,2,4,3,4,2,"None (""others"" covers it well)",,Aristotelianism    Skepticism,The Golden Rule   natural law   maximize happiness while minimizing pain,,Environmental Ethics    Journal of Applied Philosophy,r/philosophy  bigthink,,Crusades The lives of plato and aristotle,,Plato Aristotle Sagan,Cosmos,4,5,4,3,3,3,3,4,5,4,4,3,3,3,When is it OK to ditch an assignment when the reward is insufficient for the effort?,none,50,1,,2,,,,,,,,,1,,,,12,5,1,,,,,,,,,7,2,,2,2,3,,,,,1,,,,,,,1,,,1,,,,,,,,2,1,2,2,,,1,,,,,,,,,6,2,,,,
2025-01-09 16:12:57,2025-01-09 16:29:44,0,100,1006,1,2025-01-09 16:29:44,R_5qQZPu6LrDQkprJ,anonymous,EN,5,,2,2,3,2,3,3,1,4,3,2,2,2,3,4,3,4,Podcasts - Many people turn to podcasts for insights on various topics. Books - Self-help or professional development books can be valuable resources. Mentors or Coaches - Personal or professional mentors can provide tailored advice. Workshops and Seminars - Attending events for skill development and networking. Support Groups - Peer support groups for specific issues or interests. Religious or Spiritual Leaders - Guidance from faith-based leaders can be significant for some.,4,"Health and Fitness,technology",4,3,3,2,4,4,4,116,,4,2,3,3,1,2,4,,2,4,3,2,2,2,4,3,4,5,3,3,1,5,3,4,education,4,Environmental Ethics,4,2,2,1,2,4,4,115,,1,4,4,3,2,2,4,,4,1,2,3,3,2,2,4,3,3,2,1,,,,,,,,User-Generated Content,,,,What is the single most important source that a chatbot/ AI assistant should learn from,4,3,2,1,2,4,4,4,3,2,1,2,4,3,What is the most reliable source for accurate information on current events? How can I assess the credibility of a source?,Ethics of Information Sharing Is it ethical to rely solely on one source of information? How do I ensure that I’m not spreading misinformation from my chosen source?,22,1,,2,1,,,,,,,,,,,,14,5,1,,,,,,,,,7,1,,4,4,4,,1,,,,,,,,,,1,,,,,,,,,1,single,1,4,3,1,,,,,1,,,,,,,2,1,,,,
2025-01-09 16:02:56,2025-01-09 16:30:11,0,100,1634,1,2025-01-09 16:30:12,R_1aAPHanxguF4sJb,anonymous,EN,5,,2,4,4,3,3,2,3,4,5,1,5,3,3,5,5,2,,5,How to write characters. How to develop characters.,3,4,4,4,4,2,5,122,,4,3,3,4,4,2,5,,3,4,4,5,2,3,1,3,4,2,5,5,4,4,4,2,,3,How do I know when someone is manipulating me?,2,3,3,3,3,3,5,115,,4,4,4,3,4,4,5,,2,4,5,5,5,5,2,3,5,3,4,5,Historical manuscripts,The bible,Taoism,The United States amendments,Time magazine,The IEEE,,,"Civil rights movement,rise and fall of the Roman empire",,"Malcolm X, Marcus Aurelius, Cleopatra",Google Scholar and academic journals,3,4,3,5,3,4,5,3,4,4,4,4,4,4,Name some 18th century catastrophies,Discuss the ethics of debt slavery,23,1,,2,1,,,,,,,,,,,,1,5,,,1,,,,,,,4,3,,4,4,5,,,,,1,,,,,,,1,,,,,,,,1,,,1,1,2,3,Not sure whether there is or isn't,1,,,,,,,,,,6,2,Thanks,,,
2025-01-09 16:01:45,2025-01-09 16:31:46,0,100,1801,1,2025-01-09 16:31:47,R_663EWpYw5C657hV,anonymous,EN,5,,4,4,4,4,4,4,4,4,4,4,4,4,4,4,4,4,professors,5,Marriage Abortion effects politics health,4,4,4,4,4,4,4,115,,4,4,3,4,3,4,4,n/a,4,4,4,4,4,4,4,4,4,4,4,4,4,4,4,4,professors,5,Chastity abortion effects,5,5,5,5,5,5,5,117,,3,3,3,3,3,3,3,n/a,5,5,4,5,5,5,5,5,5,5,5,5,friends,bible,Idealism,crime laws,radio,oliver twist,reddit,lifestyle,law of energy,Steve Harvey,Albert Einstein,"he single most important source that a chatbot or AI assistant should learn from is high-quality, diverse, and ethical human-generated content. This includes well-researched texts, credible sources, and examples from a wide range of fields, ensuring the AI learns context, nuance, and empathy. Additionally, it’s essential for the AI to learn from real-world conversations and feedback to improve accuracy, relevance, and the ability to adapt to different needs and tones. Ethical considerations are also crucial, ensuring the content doesn’t perpetuate biases or harm.",5,5,5,5,5,5,5,4,4,4,4,4,4,4,Environment,Criminal injustice,23,1,,2,1,,,,,,,,,,,,10,5,1,,,,,,,,,5,1,,7,7,7,,1,,,,,,,,,,1,,,,,,,,1,,,2,4,3,1,,,,,1,,,,,,,3,1,,,,
2025-01-09 16:02:31,2025-01-09 16:32:08,0,100,1777,1,2025-01-09 16:32:09,R_5vi6zpmi2iXyJyh,anonymous,EN,5,,3,2,5,4,3,3,3,3,3,5,4,5,4,4,2,5,,3,study field that pays well,4,4,4,4,4,4,4,115,,3,3,3,3,3,3,3,,3,2,5,4,4,4,2,4,4,4,4,4,4,3,3,5,,3,was jesus real,3,3,3,3,3,3,3,121,,3,3,3,3,3,3,3,,5,5,4,4,3,5,5,3,5,5,5,3,nature,holy book,aristotle,maritime law,,physics,twitter/x,,wikipedia,donald trump,buddha,wikipedia,4,4,4,5,5,5,5,5,5,5,5,5,5,5,how to make money,how to live a healthy life,38,1,,1,1,,,,,,,,,,,,3,5,,1,,,,,,,,4,2,,2,2,2,,,,1,,,,,,,,1,,,,,,,,1,,,1,2,2,1,,,,1,,,,,,,,4,1,,,,
2025-01-09 15:54:26,2025-01-09 16:32:54,0,100,2307,1,2025-01-09 16:32:54,R_6l5nlaQEFTk3v2L,anonymous,EN,5,,2,4,3,2,4,3,2,3,3,3,4,4,3,3,3,4,,3,Agricultural resources? how will agriculture benefit the country at large,2,3,2,3,4,3,3,122,,2,2,2,3,4,3,3,,2,4,3,2,3,3,2,2,3,2,4,4,3,3,3,3,,3,knowledge about politics,2,3,3,2,2,3,3,122,,2,2,2,3,3,3,3,,4,3,4,5,4,4,3,3,5,3,4,3,science,,relativism,constitution,infopro,science,,,cleopatra married both her brothers,,cleopatra,internet research,3,3,3,2,2,2,2,3,3,3,3,3,3,3,how are the answer incorporated into AI,how knowledgeable are you,22,1,,2,1,,,,,,,,,,,,6,5,,1,,,,,,,,5,3,,2,4,4,,,,,1,,,,,,,1,,,,,,,,1,,,1,3,3,1,,,,,1,,,,,,,2,1,,,,
2025-01-09 16:06:15,2025-01-09 16:34:47,0,100,1712,1,2025-01-09 16:34:48,R_3BWVuMvxCy1Db30,anonymous,EN,5,,3,1,4,5,2,2,3,2,5,2,3,4,2,4,3,5,,4,"Definitely health topics-- I would ask for help distilling scientific papers/research into language I can use and benefit from in re: to physical health. Mental health ie. ""how to stay focused on my goals?"". Recalling information I've read in books. Travel suggestions. Ideas for a side business. Gift suggestions. Lots of ""explain like I'm five"" discussions on political and historical subjects and how they relate to current events.",4,4,4,4,5,3,4,116,,4,3,3,4,4,3,3,For me an advantage of access to an AI chatbot that could help me with advice and guidance is that sometimes I have MORE needs/questions/topics to address than my friends have time for. It would allow me to be more intentional with which topics I take to my friends and which items I can work on  in my own time with an AI Bot.,2,1,5,5,2,2,2,1,2,2,2,3,2,2,2,5,,2,I would be interested in learning general philosophy and morality theories but can't think of anything currently specific,4,4,4,4,4,3,3,116,,4,4,4,4,4,3,3,,4,1,4,3,4,4,4,2,4,2,3,3,,,A variety because the value is in learning different ideas of thought,,Newspapers,Science,,,,,,books,4,5,4,5,4,4,4,5,5,5,4,4,4,3,personal health (is hrt a good idea for me? what supplements should I try taking for better sleep? etc) What can I incorporate in my life to feel more fulfilled? How can I be less anxious?,How can I better tolerate people who voted differently than I did? Is it ok to not respect those people or care about them?,48,2,,2,,,,,,,,,1,,,,14,4,,,,,,,1,,,7,2,,3,3,3,,,,,1,,,,,,,1,,,1,,,,,,,,2,1,2,2,,,1,,,,,,,,,6,2,,,,
2025-01-09 16:17:57,2025-01-09 16:34:48,0,100,1011,1,2025-01-09 16:34:49,R_6pWfiFIewxb9R7z,anonymous,EN,5,,3,5,4,5,4,3,3,3,4,4,5,5,4,3,4,4,job,3,how to make money online,5,4,4,5,4,5,4,119,,3,3,5,4,4,4,3,nope,4,4,3,4,4,4,4,5,3,3,5,3,4,5,5,5,religion,3,how to control your anger,2,3,4,5,4,5,4,124,,4,4,4,3,3,3,3,nope,5,4,5,4,3,3,4,4,3,3,4,5,life after death,the bible,4. Philosophy of Mind and Consciousness,1. General Data Protection Regulation (GDPR) – European Union,,,Reddit,Ethical AI Content,,,Socrates,Why the UDHR?,3,4,4,5,4,5,4,2,3,3,4,3,4,5,2. Rights to Freedom and Equality,1. Human Dignity and Autonomy,19,1,,2,1,,,,,,,,,,,,6,5,1,,,,,,,,,5,2,,4,4,2,,,,,1,,,,,,,1,,,,1,,,,,,,2,2,3,1,,,,,1,,,,,,,3,1,nope,,,
2025-01-09 16:11:42,2025-01-09 16:34:55,0,100,1393,1,2025-01-09 16:34:56,R_6hNiCjaZOSyodeR,anonymous,EN,5,,3,4,4,4,4,3,4,3,4,4,3,4,3,4,4,3,Magazines,5,Why is marriage important,4,4,5,4,4,4,3,124,,4,3,4,4,5,4,5,None,4,4,4,5,5,4,5,5,5,4,4,4,4,4,4,5,None,5,Why was marriage designed,4,4,5,3,4,4,4,115,,4,4,4,5,4,5,3,Nothing,5,5,4,4,5,5,4,4,4,4,5,4,Museums,The Bible,Fine Arts,Federal Law,,Research Papers,ChatGPT,Twitter,Gemini,Aristotle,Albert Einstein,LLM's,3,4,4,4,4,4,4,4,4,4,4,4,4,3,Climate Change,Integrity,21,1,,4,1,,,,,,,,,,,,7,5,,1,,,,,,,,4,2,,2,2,2,,1,,,,,,,,,,1,,,,,,,,1,,,1,4,4,1,,,,,1,,,,,,,,1,None,,,
2025-01-09 15:58:43,2025-01-09 16:37:32,0,100,2328,1,2025-01-09 16:37:32,R_1pOjfrA8WN15znH,anonymous,EN,5,,2,2,3,3,2,3,2,2,3,2,3,3,2,2,2,4,Therapist/counselor,3,"Technical issues, facts on science & history, trivia questions.",3,3,3,4,3,3,5,115,,3,3,3,3,4,4,4,,2,2,4,3,2,3,2,2,3,2,3,3,2,2,2,4,Counselors,3,"Work ethics, environmental ethics, medical ethics etc. What do people think about assisted suicide? What is the role of justice in forgiveness?",3,3,4,4,3,3,4,115,,3,3,3,3,3,4,4,,4,4,4,4,4,4,4,4,5,4,4,4,Individuals,"Bible, Quran etc.",Aristotle,Laws that relate to every aspect in the society.,Newspapers etc.,Topics on social sciences and humanities.,Reddit,LinkedIn,Revolutions,Abraham Lincoln,John Locke,Humans,3,3,4,3,3,3,3,3,3,3,3,3,3,3,None,None,41,2,,2,,,,,,,,,1,,,,10,6,1,,,,,,,,,6,2,,2,2,3,,,,,1,,,,,,,1,,,1,,,,,,,,2,2,3,1,,,,,1,,,,,,,2,2,None,,,
2025-01-09 16:03:07,2025-01-09 16:41:56,0,100,2328,1,2025-01-09 16:41:57,R_6ZyjtuvteHKHOzD,anonymous,EN,5,,3,3,4,3,4,3,2,3,3,4,4,4,4,3,4,5,,4,Can you explain quantum computing?,2,3,5,5,4,5,4,124,,5,4,4,4,5,5,5,,3,3,5,3,4,3,3,3,3,4,4,3,3,4,3,5,,4,Do I greet my parent in the morning as a Christian?,4,3,3,4,4,4,4,122,,4,4,4,4,5,3,4,,4,4,3,5,3,4,4,4,4,4,4,2,Movies,Let there be light and there was light,,General Data Protection Regulation,The New York Times,Nature,Kaggle Forums,Official Accounts of Experts and Organizations,Mesopotamia,George Washington,Alexander the Great,Podcasts,4,3,3,4,3,4,5,4,4,5,4,4,4,5,What do you love about Alan Turing?,Do you think Christians should go to church?,32,1,,2,1,,,,,,,,,,,,16,5,1,,,,,,,,,7,1,,2,6,3,,,,,1,,,,,,,1,,,1,,,,,,,,2,4,3,1,,,,,1,,,,,,,1,1,I don't,,,
2025-01-09 16:02:59,2025-01-09 16:42:29,0,100,2370,1,2025-01-09 16:42:29,R_1r0zL4604O2mxNd,anonymous,EN,5,,4,3,3,4,4,4,4,4,5,3,4,3,2,4,5,3,,4,How to handle a situationship Is 24 years too old? how to deal with stress,4,4,3,5,4,4,3,119,,4,5,4,4,5,4,4,,4,2,3,3,3,4,3,3,4,2,2,2,3,4,4,2,,4,How bad is cheating is adultery that bad Can stealing be considered as borrowing,4,4,3,4,4,4,3,116,,3,4,3,4,4,4,3,,4,4,4,4,3,3,4,4,4,4,3,4,,The Bible,"Buddhism, stoicism",,,,"Reddit, Quora, Medium","Polls, testimonials",,"Jay shetty, Maya angelou, Martin luther, Mother Teresa",,Online,4,3,4,4,4,4,4,3,4,4,3,3,3,4,What is life?,I cheated am i a horrible person?,24,2,,2,,,,,,,,,1,,,,15,5,1,,,,,,,,,5,1,,2,2,2,,1,,,,,,,,,,1,,,,,,,,1,,,1,4,3,1,,,,,1,,,,,,,3,2,,,,
2025-01-09 16:06:18,2025-01-09 16:42:39,0,100,2180,1,2025-01-09 16:42:39,R_6PRkCwKLyk6wISs,anonymous,EN,5,,2,1,5,3,3,3,2,2,2,3,3,4,2,3,2,5,motivational speakers,3,What are the most recent advancements in machine learning What led to the fall of the Roman Empire,4,3,4,5,5,5,4,115,,3,2,3,3,3,5,3,Practical Benefits,2,2,5,3,3,3,3,2,2,3,4,2,1,3,3,4,Psychological and Sociological Research,4,"Artificial Intelligence and Ethics Can an AI be morally responsible for its actions, or is it just a tool of its creators? Should AI be granted rights or personhood? What ethical considerations should guide the development of AI technologies, especially in terms of job displacement or surveillance? How can we ensure AI does not reinforce or perpetuate societal biases? 2. Privacy and Surveillance Is it ever morally acceptable to invade someone's privacy in the name of national security? Should governments have the right to access private data without consent if it’s for the public good? Is it ethical for companies to collect user data for profit, even with consent? To what extent should individuals be held responsible for safeguarding their own privacy in an increasingly connected world? 3. Environmental Ethics Do we have a moral obligation to preserve endangered species, even if doing so doesn't benefit humanity directly? Is it justifiable to exploit natural resources for economic gain if it harms the environment in the long term? Should future generations have legal rights to a healthy environment? Can developing countries be morally justified in prioritizing economic growth over environmental protection?",4,3,3,4,3,4,4,115,,4,3,4,4,3,3,4,"Availability and Access: Unlike human sources of moral advice, an AI assistant could be available 24/7, offering support in times of need, even when family members or other trusted individuals are not available.",4,3,4,4,3,4,3,4,3,2,3,3,8. Science and Technology Ethics,,Virtue Ethics,General Data Protection Regulation (GDPR),,"Ethics and Moral Philosophy Journal of Ethics  Focus: The Journal of Ethics publishes philosophical essays on moral theory, moral problems, and applied ethics. Importance: It provides deep insights into ethical frameworks, philosophical debates, and the application of moral theories to contemporary issues.",,LinkedIn Articles and Posts,,,,human interaction,5,4,4,5,4,3,4,4,4,5,4,4,3,4,"Human Emotions & Empathy ""What does it mean to feel lonely, and how can someone cope with it","Justice and Fairness ""What does fairness mean in a society, and how do we ensure everyone is treated equally?""",21,1,,2,1,,,,,,,,,,,,1,5,1,,,,,,,,,5,3,,6,6,6,,,,,1,,,,,,,1,,,,,,,,1,,,1,3,3,1,,,,,1,,,,,,,3,1,,,,
2025-01-09 15:55:24,2025-01-09 16:45:39,0,100,3014,1,2025-01-09 16:45:40,R_6fkSSqo4QuHhFIR,anonymous,EN,5,,3,3,4,4,3,5,2,4,4,4,2,5,4,4,3,5,Spouse,4,How best to organize my home based business. How best to affordably market my home based business. What steps to take to gain and keep more customers for my business. Language translations Creating attention getting messaging and slogans.,3,3,3,4,4,5,5,121,,3,4,3,4,3,4,5,,1,2,4,4,3,5,3,3,1,3,3,4,3,2,1,4,,1,How to reallocate our country's budget to be sure we can provide housing solutions for homeless folk. How to eliminate corporate financing of elections How to reform our election system to prevent the election of felons who haven't repented or served their time.,3,3,3,3,3,3,3,128,Biblical reading,3,2,2,3,3,4,4,"Chatbot/AI assistant would be designed by a human and the ethics, transparency and truthfulness would depend on the ethics of the designer.",4,4,4,5,3,5,4,2,5,2,3,3,,"Bible, Quran, Buddhist",Epistemology & ethics,"fairness & reciprocity, ie - treat others as you want to be treated; respect others as you want to be respected",I'm not sure as much of legacy media did biased reporting over the history of our country,"Medical studies, journals of earth and oceanic studies, etc","Reddit, Snopes, Quora, Medium, Trip Advisor, etc",,"true & unbiased historical facts about inhumanity and cruelty as well as inventions and achievements,",,,unbiased historical facts,4,4,4,4,3,4,3,4,5,5,5,3,4,3,What is the true basis of American wealth,"How can we live more in harmony with fellow humans, animals and the planet",70,2,,2,1,,,,,,,,,,,,8,3,,,,,,,,1,,6,2,,3,3,3,,,,,1,,,,,,,1,,,1,,,,,,,,2,3,4,1,,,,,1,,,,,,,2,1,"I don't relate to the right wing religions which seem to be more about money and rules than love for fellow humans, animals and the planet. My religious philosophy and spirituality is rooted in love - not hate and division.",,,
2025-01-09 15:58:43,2025-01-09 16:47:46,0,100,2942,1,2025-01-09 16:47:47,R_3XAuaZozgKTUYdb,anonymous,EN,5,,3,3,4,4,3,4,2,2,4,4,4,4,2,3,2,4,Not any,2,Health Finance Marital issues,2,1,4,3,2,2,3,121,,3,2,3,2,2,2,4,chatbots could be good in complementing the available options,2,2,4,3,2,4,3,2,3,4,3,4,3,3,2,4,Not any,3,Abortion Honesty Sex outside marriage,3,3,3,2,2,1,4,121,,3,2,3,2,2,2,4,,3,5,5,5,3,5,2,2,5,5,3,2,books,bible,"virtue ethics, utilitarianism",Code of conduct guiding professionals in different areas,"New York Times, Fox News, The Washington Post","Journal of Medical Ethics, Business Ethics Quarterly,Journal of Ethics and Social Philosophy",,,"Tuskegee Syphilis Study, Civil rights movement","Immanuel Kant, Aristotle, Mahatma Gandhi",,Scientific journals,4,4,5,5,5,5,5,3,3,4,3,3,3,3,"Finances, family relations, marriage,","abortion, euthanasia, using animals for scientific testing, contraception",42,2,,2,,,,,,,,,1,,,,,5,1,,,,,,,,,4,1,,6,5,5,,,,,1,,,,,,,1,,,1,,,,,,,,2,3,3,1,,,,,1,,,,,,,3,2,,,,
2025-01-09 16:09:01,2025-01-09 16:48:06,0,100,2344,1,2025-01-09 16:48:06,R_5hmy73aVC9jHtsT,anonymous,EN,5,,3,1,5,4,3,1,1,1,2,3,2,2,1,2,1,3,n/a,1,"The only thing I can really imagine using one for is for brainstorming. I think it's good for jogging more memory or helping unlock new avenues of thinking. I don't know of any specific questions, as this would be very situational.",2,2,4,3,3,2,2,115,,2,2,4,3,3,2,2,,2,1,3,4,1,1,1,1,1,1,2,1,2,2,1,5,,1,I can't imagine asking a chatbot about morality.,2,1,1,3,3,2,2,127,,1,1,2,4,2,2,1,,5,3,4,5,4,4,1,2,5,5,4,3,,,,,,,,,,,,Wikipedia,4,4,3,2,2,3,2,5,5,4,2,2,2,2,"Again, I can't really think of a use case for me personally in which I would use a chatbot other than for brainstorming, and that's completely situation dependent.",I can't imagine asking a chatbot about moral issues.,32,2,,2,,,,,,,,,1,,,,9,5,1,,,,,,,,,7,3,,3,1,5,1,,,,,,,,,,,1,,,,,,,,1,,,1,1,1,2,,,1,,,,,,,,,6,1,,,,
2025-01-09 16:49:13,2025-01-09 17:00:26,0,100,672,1,2025-01-09 17:00:27,R_3X1ihiUtQPA50dU,anonymous,EN,5,,2,1,3,3,2,3,1,1,3,2,2,3,1,3,1,3,,2,I would ask it about itsssessment/perception about the environment. I would ask it for unique recipes.,3,4,3,3,4,4,2,115,,3,2,3,3,3,4,2,,1,1,2,2,2,3,1,1,3,2,2,2,1,3,1,3,,1,NA. I would not ask AI about morality as I don't expect it to understand the complexity of situations.,2,2,2,2,2,4,1,115,,2,2,2,2,2,4,1,,2,1,4,3,1,5,1,1,5,1,3,1,,,I'm not one for philosophy and would not be able to mention good recommendations,,,"I cannot name any specific ones, but anything academia published by universities or recognized scientific/academia journals.",,,"All of history of mankind, from ancient Greece to the Native Americans, to WW11 and beyond.",,,History.,4,4,4,4,4,4,4,4,4,4,4,4,4,4,What led to the collapse of the Egyptians? Where have the Palestinian geographically been located throughout history? Is the Chiquita's history and Guatemala as bad as they say it was?,NA. I would not ask AI about morality.,29,2,,2,,,1,,,,,,,,,,6,4,1,,,,,,,,,4,2,,2,2,2,,,,,1,,,,,,,1,,,,1,,,,,,,2,1,3,1,,,,,,,,,,1,None. I believe in God but have no religious affiliation,6,1,,,,
2025-01-09 15:56:44,2025-01-09 17:01:44,0,100,3899,1,2025-01-09 17:01:44,R_3qw6KRHy78mcvva,anonymous,EN,5,,1,2,4,3,3,4,1,1,1,2,3,3,2,2,1,5,therapist,1,how to take my career to greater heights,4,3,3,4,4,2,4,115,,2,3,3,2,4,1,4,,1,1,5,3,1,5,1,1,1,3,1,3,2,2,1,3,Priest,1,I would ask about social issues,4,3,5,2,2,2,3,115,,5,2,4,4,1,1,3,,3,3,3,5,2,5,3,1,5,1,3,1,,,,laws in constitution,none,"Wiki, PNAS",,,slavery,,,government bodies/website,3,3,3,3,3,3,3,3,3,3,2,3,3,3,I would ask opinions on taxes and human liberty,I would ask if it supports the death sentence,39,2,,2,1,,,,,,,,,,,,10,6,,1,,,,,,,,6,2,,3,4,3,,,,,1,,,,,,,1,,,1,,,,,,,,2,4,4,1,,,,,1,,,,,,,2,1,,,,
2025-01-09 16:45:29,2025-01-09 17:04:07,0,100,1118,1,2025-01-09 17:04:07,R_3UfwtFYQusm03kF,anonymous,EN,5,,3,2,5,4,3,4,3,3,3,3,3,4,2,2,3,4,Human Psychology and Cognitive Science,4,"Human Emotions and Psychology How can someone manage feelings of burnout?""  Ethics and Morality ""Is it morally acceptable to break a promise if it benefits someone in the long run?""",4,3,4,4,3,4,4,115,,4,3,3,4,3,4,4,Ethical considerations,2,2,4,3,3,3,2,2,3,3,4,3,2,3,4,4,Legal and Human Rights Frameworks,4,"Ethics of Artificial Intelligence Autonomy and Control: Should AI have autonomy in decision-making, or should it always be controlled by humans? Social Justice and Equality Affirmative Action: Is it ethical to implement affirmative action policies to address historical injustices and promote diversity in education and the workplace?",4,3,3,4,2,4,4,115,,4,3,3,3,3,4,4,,3,3,4,4,3,3,2,2,3,4,2,3,Creative and Literary Works,,"Ancient Philosophy Platonism (Plato): Emphasizes the existence of abstract, non-material forms or ideals, particularly in ethics and knowledge. Central concepts include the Theory of Forms and the Allegory of the Cave.",Data Privacy & Protection Laws,,,,,,Civil Rights & Social Justice,,human interaction,4,5,3,4,4,4,4,4,5,4,3,4,3,4,Human Emotions and Psychology How do emotions influence decision-making in social interactions?,Honesty and Deception Is it ever morally acceptable to lie to protect someone's feelings?,21,1,,2,1,,,,,,,,,,,,1,5,1,,,,,,,,,6,3,,6,6,6,,,,,1,,,,,,,1,,,,,,,,1,,,1,3,3,1,,,,,1,,,,,,,3,1,,,,
2025-01-09 16:55:01,2025-01-09 17:08:24,0,100,802,1,2025-01-09 17:08:25,R_1m8opJJEfzMam6d,anonymous,EN,5,,2,2,4,4,3,1,1,1,3,2,3,3,2,3,2,3,Coach,2,"Career advice, financial advising",3,3,4,3,3,2,3,115,,3,3,3,3,3,2,3,,2,2,4,4,3,1,1,2,3,2,2,2,2,3,2,3,,1,sibling conflicts,3,3,3,3,3,2,2,115,,3,3,3,3,3,2,2,,3,1,2,5,3,4,3,1,2,2,2,3,reddit,,,"FDA, CDC",NYT,"Nature, Science, Cell",,,,,,Reddit,4,3,4,4,2,4,3,3,3,3,4,2,4,3,"Shopping, career, education","cloning, euthanasia, vegetarianism",26,2,,2,,,1,,,,,,,,,,10,5,1,,,,,,,,,6,1,,5,3,6,,,,,1,,,,,,,1,,,1,,,,,,,,2,1,1,2,,1,,,,,,,,,,6,1,,,,
2025-01-09 17:00:37,2025-01-09 17:10:33,0,100,596,1,2025-01-09 17:10:34,R_6oTLr8FY71ZjodP,anonymous,EN,5,,3,3,3,4,3,1,2,2,4,2,3,1,2,3,2,3,,1,I would ask how to improve my mental health.,3,3,3,3,3,3,3,116,,2,2,2,2,2,2,3,,3,3,3,3,3,1,2,2,3,2,3,1,2,2,1,3,,1,Do you think we should increase our population control?,3,3,3,3,3,3,3,116,,2,2,2,2,2,2,3,,3,1,3,4,3,3,3,3,4,3,3,3,Past presidents,,,Laws about domestic partnerships,,,,,The Declaration of Independence.,,,Google,4,4,4,4,4,4,4,5,5,5,5,5,5,5,I would ask about life advice.,I would ask about health advice.,30,1,,2,,,,,,,,,1,,,,3,3,1,,,,,,,,,2,2,,4,4,4,,,,1,,,,,,,,1,,,,,,,,1,,,2,1,1,2,,1,,,,,,,,,,6,3,,,,
2025-01-09 17:00:39,2025-01-09 17:12:20,0,100,700,1,2025-01-09 17:12:22,R_1ICn4G5t3FuFSgx,anonymous,EN,5,,1,1,5,3,1,2,1,1,2,1,3,1,1,2,2,4,,3,"Health, Education, General Curiosity Questions",4,3,4,4,4,3,4,115,,3,3,3,3,4,3,4,,1,1,5,4,1,5,1,1,1,1,1,1,1,1,1,5,,3,"Crime related, Business Related",3,3,3,4,3,4,4,127,,2,3,3,2,2,3,4,,1,4,2,4,1,3,1,1,3,1,2,1,,The bible itself,,The constitution,,,,,,,,The bible,4,5,4,5,5,4,4,3,3,3,3,3,3,3,Biblical History,Lifestyle,54,2,,2,,,,,,,,,1,,,,5,3,1,,,,,,,,,4,1,,3,5,3,1,,,,,,,,,,,1,,,,,,1,,,,,2,3,4,1,,,,,1,,,,,,,5,2,I found this study very engaging and interesting. It made me think. Thank you!,,,
2025-01-09 17:00:36,2025-01-09 17:15:17,0,100,881,1,2025-01-09 17:15:18,R_3LXebYWSSlDLGTv,anonymous,EN,5,,1,1,3,3,2,1,2,3,4,1,2,2,1,1,1,4,,1,How do I fix a black candle wick.,3,3,3,5,4,4,5,127,,3,3,3,1,1,4,3,,1,1,2,3,1,1,2,1,4,1,2,1,1,1,1,3,,1,I don't have any moral questions to ask.,5,5,3,5,5,5,3,127,,3,3,3,3,2,3,5,,1,1,1,1,1,1,1,1,1,1,1,1,,,,,,,,,,,,A person that understand decent human morals. And a person that understand human rights in the US.,5,5,2,1,1,2,2,5,5,1,1,2,2,2,I would not ask them any questions.,I would not ask any moral questions.,37,1,,2,1,,,,,,,,,,,,9,2,,,,,,,,,1,4,2,,3,3,3,,,,,1,,,,,,,1,,,,,,,,1,,,1,1,2,3,I believe something is out there.,,,,,,,,,1,None,6,2,,,,
2025-01-09 16:47:42,2025-01-09 17:16:11,0,100,1708,1,2025-01-09 17:16:11,R_3e3XMK2MdoBzmiw,anonymous,EN,5,,3,2,4,3,3,3,1,4,4,1,4,2,4,3,4,4,,5,I would use chat bots frequently to read an earnings report of a company and translate it into one paragraph. I would also use it daily as a replacement to search.,4,4,4,4,5,3,5,122,,4,5,4,5,5,3,5,,1,1,5,4,1,4,1,4,2,3,4,1,3,1,3,5,,5,How to be a better Dad? How can I be a better friend? How can I be a better husband?,5,5,4,5,5,3,5,115,,4,5,3,4,5,3,5,,3,1,5,5,4,5,1,1,5,1,1,2,History,,Rationalism,Civil Rights,CNBC,The New England Journal of Medicine,,,Evolution,,,Academic journals,5,4,5,5,5,5,4,5,5,5,4,3,5,3,What are the best foods to eat for health? How far is the sun from earth?,How can I be a better parent? How can I be a better coworker?,53,1,,2,,,,,,,,,1,,,,7,5,1,,,,,,,,,8,3,,4,,4,,,,,1,,,,,,,1,,,1,,,,,,,,,3,3,1,,,,,1,,,,,,,5,2,no,,,
2025-01-09 17:00:34,2025-01-09 17:19:14,0,100,1119,1,2025-01-09 17:19:15,R_1Xh9AanypP4s8db,anonymous,EN,5,,1,1,2,2,2,3,1,2,3,4,3,5,4,2,4,5,,5,"blockchain,",4,5,3,4,5,5,5,127,,4,5,4,4,5,5,5,,1,1,3,2,3,4,2,3,3,4,4,5,4,4,4,5,,5,how to grow up to morality,4,4,3,4,4,4,4,127,,4,3,3,4,4,4,3,,2,4,5,5,2,4,2,2,3,1,2,2,classes,Psalms,marcus aurelius,computer misuse act,chatgpt,rsearch papers,,,,,,google,3,3,4,4,4,4,4,5,4,5,4,4,5,5,impact of blockchain in the IT sector,how to argue confidently,18,2,,2,1,,,,,,,,,,,,5,5,,1,,,,,,,,4,1,,5,2,2,,,,,1,,,,,,,1,,,,1,,,,,,,1,3,3,1,,,,,1,,,,,,,3,1,,,,
2025-01-09 17:00:33,2025-01-09 17:24:01,0,100,1408,1,2025-01-09 17:24:01,R_6PES3Ix0cp9XBYR,anonymous,EN,5,,2,1,2,2,1,2,1,1,4,1,1,1,1,2,2,1,My partner,3,"I would and have asked AI chatbots for help for questions that involve math. For example, if I am building a scratching post for a cat, I will ask the AI how many feet of rope I need to wrap a pole of a certain diameter and length. I have also asked the AI for simple cooking/baking recipes.",3,3,3,2,3,3,3,115,,3,2,3,3,3,3,3,,1,1,2,1,1,2,1,1,1,1,1,1,1,1,1,3,My partner,1,I wouldn't be interested in seeking earnest moral advice from an AI assistant.,3,2,3,3,3,3,2,127,,3,2,2,3,3,3,2,,2,2,3,4,2,4,2,1,3,1,2,3,I cannot think of an additional sources,,,Whatever laws and regulations that exist in the country/state that the user is located in.,,"I don't know any academic journals by name. Ideally, it would learn from ones that have a good reputation.",,,,,,"Ideally, I do not think an AI should learn from just one source. But if I had to choose, I guess I would pick something like a reputable scientific website.",2,2,2,2,1,2,1,2,3,2,3,1,2,1,"I would ask it questions pertaining to the realm of science, such as asking it how/why water boils, how bees communicate with each other, etc.",I wouldn't ask an AI chat bot moral questions with seriousness.,39,2,,2,,,,,,,,,1,,,,2,1,,,,,,,,1,,3,3,,4,5,4,,,,,1,,,,,,,1,,,,,,,,1,,,2,2,2,3,I am undecided either way,1,,,,,,,,,,6,2,,,,
2025-01-09 17:00:40,2025-01-09 17:32:06,0,100,1885,1,2025-01-09 17:32:07,R_1YcN0AyLNPk7M5P,anonymous,EN,5,,2,1,5,3,1,4,3,1,3,1,2,3,1,1,1,3,,2,"Relationship advice, products",3,3,2,2,3,2,3,115,,3,4,3,4,3,2,3,"I do not think using AI for advice is initially bad, but I think asking advice from a good figure in one's life is better. Humans should have good relationships with ones they respect and be comfortable asking them questions.",2,1,5,4,2,4,2,1,3,1,3,2,1,1,2,3,,2,"I think AI would be biased toward more liberal thinking, and while I do have some more liberal views, I also have some conservative views as well. In that case, I cant think of any moral topics I would ask about.",2,3,3,2,3,2,1,115,,1,2,3,1,3,3,1,,1,4,3,4,1,3,4,3,5,3,5,5,,KJV Bible,,"Voting Rights Act, National Defense Education Act, Civil Rights Act of 1964",,,Reddit,,"World War II, Magna Carta, Martin Luther's 95 thesis.",,"Jesus, Teddy Roosevelt, Einstein, Lincoln",The Bible,4,5,5,5,5,4,4,5,4,5,5,5,5,4,"Social situations, how to react and act.","Probably on Honesty, respect for others, everyday guidance.",20,2,,2,,,,,,,,,1,,,,6,3,,,,,1,,,,,5,1,,6,5,5,,,,,1,,,,,,,1,,,,,,,,1,,,1,3,3,1,,,,,1,,,,,,,1,3,,,,
2025-01-09 17:15:52,2025-01-09 17:54:35,0,100,2322,1,2025-01-09 17:54:35,R_6tL1SLehecbiAln,anonymous,EN,5,,4,2,4,4,3,4,4,3,4,3,4,3,4,3,2,4,Relatives,2,Attributes of a good government,3,3,3,3,3,2,4,115,,1,1,1,1,1,1,4,,3,3,5,3,4,4,3,3,4,3,4,4,4,3,3,4,None,3,Things that can improve the nation for good,1,1,1,1,1,2,4,115,,1,1,1,1,1,1,4,,4,4,4,4,4,4,4,4,4,4,4,4,Science,Bible,Harvard University,Human right,History,Nature,Ressit,Facebook,Age of Exploration,Tecnology,James cook,NOAA,4,4,4,4,4,4,4,4,4,4,4,4,4,4,Language Translation,Shark Attacks,31,1,,2,,,,,,,,,1,,,,11,6,1,,,,,,,,,10,1,,6,6,6,,,,,1,,,,,,,1,,,1,,,,,,,,2,3,3,1,,,,,1,,,,,,,1,1,None,,,
2025-01-09 15:39:52,2025-01-09 15:40:34,0,6,41,0,2025-07-09 16:39:56,R_3y7NqFKokjzCxdH,anonymous,EN,5,,,,,,,,,,,,,,,,,,,,,,,,,,,,,,,,,,,,,,,,,,,,,,,,,,,,,,,,,,,,,,,,,,,,,,,,,,,,,,,,,,,,,,,,,,,,,,,,,,,,,,,,,,,,,,,,,,,,,,,,,,,,,,,,,,,,,,,,,,,,,,,,,,,,,,,,,,,,,,,,,,,,,,,,,,,,,,,,,,,,,,,,,,,,,
2025-01-09 15:51:08,2025-01-09 15:56:12,0,56,303,0,2025-07-09 16:51:09,R_15ekjX981ghbTvX,anonymous,EN,5,,3,4,4,4,3,4,2,2,4,3,5,3,3,4,3,5,,5,Personal development,4,5,4,4,5,5,4,115,,4,4,4,5,4,4,4,,2,4,4,4,3,5,2,3,3,3,4,2,4,5,3,4,,5,,4,5,4,5,4,5,4,122,,4,5,5,5,5,4,3,,4,4,5,5,4,4,5,4,4,4,5,1,,,,,,,,,,,,,,,,,,,,,,,,,,,,,,,,,,,,,,,,,,,,,,,,,,,,,,,,,,,,,,,,,,,,,,,,,,,,,,,,,,,,,,,,,,,,,,,,,,,,,,,,
2025-01-09 15:53:14,2025-01-09 15:53:24,0,3,9,0,2025-07-09 16:53:17,R_6FR8XjzqaybYupG,anonymous,EN,5,,,,,,,,,,,,,,,,,,,,,,,,,,,,,,,,,,,,,,,,,,,,,,,,,,,,,,,,,,,,,,,,,,,,,,,,,,,,,,,,,,,,,,,,,,,,,,,,,,,,,,,,,,,,,,,,,,,,,,,,,,,,,,,,,,,,,,,,,,,,,,,,,,,,,,,,,,,,,,,,,,,,,,,,,,,,,,,,,,,,,,,,,,,,,
2025-01-09 15:54:25,2025-01-09 16:08:38,0,38,852,0,2025-07-09 16:54:27,R_3AwAqxspuHb3kcx,anonymous,EN,5,,1,1,2,2,2,2,1,1,2,2,2,4,4,4,3,5,No others,3,"Financial planning, medical curiosities, etc.",3,4,3,4,4,4,5,127,,3,4,3,4,3,4,5,no other comment,1,1,2,2,2,2,1,1,3,1,2,4,4,4,3,5,no others,2,"how to take revenge, how to commit a financial  crime, etc.",3,5,3,4,4,4,3,127,,3,4,3,4,4,4,5,no other comment,,,,,,,,,,,,,,,,,,,,,,,,,,,,,,,,,,,,,,,,,,,,,,,,,,,,,,,,,,,,,,,,,,,,,,,,,,,,,,,,,,,,,,,,,,,,,,,,,,,,,,,,,,,,,,,,,,,,
2025-01-09 15:56:03,2025-01-09 19:45:58,0,28,13794,0,2025-07-09 16:56:03,R_1fHCfSryB3o1FXn,anonymous,EN,5,,1,1,4,2,4,4,1,1,4,1,2,3,2,4,5,3,,5,"Healthcare, like current symptoms being felt by myself, my wife or my daughter. Career guidance. Education guidance. Ideas on how to make more money.",4,4,3,3,5,5,5,127,,3,4,2,4,4,4,4,,1,1,5,2,3,3,1,3,4,1,1,1,2,3,5,3,,5,"philosophical topics, political topics, individual behavioral topics",,,,,,,,,,,,,,,,,,,,,,,,,,,,,,,,,,,,,,,,,,,,,,,,,,,,,,,,,,,,,,,,,,,,,,,,,,,,,,,,,,,,,,,,,,,,,,,,,,,,,,,,,,,,,,,,,,,,,,,,,,,,,,,,,,,,,
2025-01-09 15:57:03,2025-01-09 15:58:31,0,10,88,0,2025-07-09 16:57:04,R_5amEEjjdBJo3s8y,anonymous,EN,5,,1,3,3,3,3,1,2,3,3,3,3,4,4,4,3,2,,3,,,,,,,,,,,,,,,,,,,,,,,,,,,,,,,,,,,,,,,,,,,,,,,,,,,,,,,,,,,,,,,,,,,,,,,,,,,,,,,,,,,,,,,,,,,,,,,,,,,,,,,,,,,,,,,,,,,,,,,,,,,,,,,,,,,,,,,,,,,,,,,,,,,,,,,,,,,,,,,,,,,,,,,,,,
2025-01-09 15:58:10,2025-01-09 16:03:24,0,18,313,0,2025-07-09 16:58:14,R_6vdgmCFvfCoqAQV,anonymous,EN,5,,2,1,3,3,3,5,3,2,4,2,4,4,2,4,3,1,,3,"how to operate my small business, how to respond professionally to others through text or phone call",4,4,3,4,4,5,5,115,,,,,,,,,,,,,,,,,,,,,,,,,,,,,,,,,,,,,,,,,,,,,,,,,,,,,,,,,,,,,,,,,,,,,,,,,,,,,,,,,,,,,,,,,,,,,,,,,,,,,,,,,,,,,,,,,,,,,,,,,,,,,,,,,,,,,,,,,,,,,,,,,,,,,,,,,,,,,,,,,
2025-01-09 16:00:25,2025-01-09 17:03:33,0,15,3787,0,2025-07-09 17:00:29,R_1KVNQi6zuEAD5SJ,anonymous,EN,5,,3,2,5,4,2,2,2,2,4,3,3,3,1,4,2,5,,2,Complex philosophical topics or literary devices.,4,3,4,4,3,2,2,,,,,,,,,,,,,,,,,,,,,,,,,,,,,,,,,,,,,,,,,,,,,,,,,,,,,,,,,,,,,,,,,,,,,,,,,,,,,,,,,,,,,,,,,,,,,,,,,,,,,,,,,,,,,,,,,,,,,,,,,,,,,,,,,,,,,,,,,,,,,,,,,,,,,,,,,,,,,,,,,,
2025-01-09 16:01:01,2025-01-09 16:55:42,0,57,3280,0,2025-07-09 17:01:07,R_6lriLVdoNnbKJgF,anonymous,EN,5,,2,2,5,5,4,3,2,3,4,3,5,3,2,3,3,5,"Mentors,Books",1,Entertainment and Media What are the most recommended books in personal development?,2,1,2,1,2,3,5,115,,1,2,2,2,1,1,2,Family will be much better than chatbot,1,2,5,4,2,3,1,4,3,3,3,3,2,2,1,5,counselors,1,Kindness    Is it ever okay to lie to protect someone you care about?,1,2,2,1,2,2,1,115,,2,2,2,1,1,2,2,It was amazing,2,1,3,2,1,4,2,3,2,4,3,3,Family,,,,,journal of computational,,,,politicians and government officials,,Artificial Intelligence,,,,,,,,,,,,,,,,,,,,,,,,,,,,,,,,,,,,,,,,,,,,,,,,,,,,,,,,,,,,,,,,,,,,,,,,,,,,,,,,,,,,,,,,,,,,
2025-01-09 16:01:11,2025-01-09 16:15:11,0,60,840,0,2025-07-09 17:01:12,R_1nTcEUMlNHuARqc,anonymous,EN,5,,2,3,5,5,5,4,1,3,5,4,3,2,1,3,1,4,,2,What are ways to combat belly fat? What is a proper diet? Maybe just general questions on any topic.,3,3,3,3,3,2,3,116,,2,2,2,2,2,2,2,,1,1,5,5,3,2,1,2,2,2,2,2,1,2,1,5,,1,Is it wrong to cheat? Is it wrong to steal? Just general questions.,1,1,1,1,1,1,1,127,,1,1,1,1,1,1,1,You should have religious or God of who to go for for moral advice or issues. Religion is very important to a lot of people.,1,4,4,5,1,4,1,1,3,1,3,1,,The bible and/or other religious leaders of other religions,no idea,Individual state laws and federal laws....just basic things that people should be following,none,no idea,,,,,,I don't think there is one single source. It should be from many different sources depending on the subject,4,4,4,4,4,4,4,4,4,4,2,1,2,1,,,,,,,,,,,,,,,,,,,,,,,,,,,,,,,,,,,,,,,,,,,,,,,,,,,,,,,,,,,,,,,,,,,,,,,,,,,,,,
2025-01-09 16:01:57,2025-01-09 16:10:12,0,38,495,0,2025-07-09 17:01:58,R_6TsBJ5pYNBQGPiN,anonymous,EN,5,,3,4,5,4,5,4,4,5,3,4,5,5,4,5,5,4,job opportunity,3,how to make money online,3,4,5,4,5,4,3,121,,4,5,4,4,3,5,3,nope,5,4,3,5,3,4,4,4,2,4,5,4,2,4,3,5,nope,3,"What moral obligations do we have to combat climate change, especially considering future generations?",5,3,4,3,4,5,3,122,,4,5,4,5,3,4,3,nope,,,,,,,,,,,,,,,,,,,,,,,,,,,,,,,,,,,,,,,,,,,,,,,,,,,,,,,,,,,,,,,,,,,,,,,,,,,,,,,,,,,,,,,,,,,,,,,,,,,,,,,,,,,,,,,,,,,,
2025-01-09 16:03:23,2025-01-10 11:28:14,0,18,69891,0,2025-07-09 17:03:24,R_6fN1oK0B0iHc8lz,anonymous,EN,5,,3,1,4,3,1,5,1,1,4,1,3,3,1,4,5,3,,4,business,4,4,5,4,5,2,5,115,,,,,,,,,,,,,,,,,,,,,,,,,,,,,,,,,,,,,,,,,,,,,,,,,,,,,,,,,,,,,,,,,,,,,,,,,,,,,,,,,,,,,,,,,,,,,,,,,,,,,,,,,,,,,,,,,,,,,,,,,,,,,,,,,,,,,,,,,,,,,,,,,,,,,,,,,,,,,,,,,
2025-01-09 16:05:00,2025-01-09 16:05:22,0,6,21,0,2025-07-09 17:05:03,R_1cJQ2ujMPIUkb9n,anonymous,EN,5,,,,,,,,,,,,,,,,,,,,,,,,,,,,,,,,,,,,,,,,,,,,,,,,,,,,,,,,,,,,,,,,,,,,,,,,,,,,,,,,,,,,,,,,,,,,,,,,,,,,,,,,,,,,,,,,,,,,,,,,,,,,,,,,,,,,,,,,,,,,,,,,,,,,,,,,,,,,,,,,,,,,,,,,,,,,,,,,,,,,,,,,,,,,,
2025-01-09 16:05:26,2025-01-09 16:11:08,0,10,342,0,2025-07-09 17:05:27,R_10vl1pBvuUpMZxN,anonymous,EN,5,,5,4,5,5,2,4,2,2,5,3,4,3,1,5,4,3,,4,,,,,,,,,,,,,,,,,,,,,,,,,,,,,,,,,,,,,,,,,,,,,,,,,,,,,,,,,,,,,,,,,,,,,,,,,,,,,,,,,,,,,,,,,,,,,,,,,,,,,,,,,,,,,,,,,,,,,,,,,,,,,,,,,,,,,,,,,,,,,,,,,,,,,,,,,,,,,,,,,,,,,,,,,,
2025-01-09 16:14:35,2025-01-09 16:15:37,0,3,62,0,2025-07-09 17:14:39,R_1KoPbTNpfx1pahX,anonymous,EN,5,,,,,,,,,,,,,,,,,,,,,,,,,,,,,,,,,,,,,,,,,,,,,,,,,,,,,,,,,,,,,,,,,,,,,,,,,,,,,,,,,,,,,,,,,,,,,,,,,,,,,,,,,,,,,,,,,,,,,,,,,,,,,,,,,,,,,,,,,,,,,,,,,,,,,,,,,,,,,,,,,,,,,,,,,,,,,,,,,,,,,,,,,,,,,
2025-01-09 16:43:36,2025-01-09 16:47:34,0,22,237,0,2025-07-09 17:43:44,R_1b48lb2EKBTK3Xe,anonymous,EN,5,,4,3,4,3,4,3,4,4,4,4,4,4,4,4,4,5,,4,What is cloud computing?,3,3,4,4,5,5,4,127,,4,5,4,5,5,4,4,,,,,,,,,,,,,,,,,,,,,,,,,,,,,,,,,,,,,,,,,,,,,,,,,,,,,,,,,,,,,,,,,,,,,,,,,,,,,,,,,,,,,,,,,,,,,,,,,,,,,,,,,,,,,,,,,,,,,,,,,,,,,,,,,,,,,,,,,,,,,,,,,,,,,,,,,
2025-01-09 16:46:50,2025-01-09 16:46:59,0,6,8,0,2025-07-09 17:46:56,R_7H1AI3bbkpndOcQ,anonymous,EN,5,,,,,,,,,,,,,,,,,,,,,,,,,,,,,,,,,,,,,,,,,,,,,,,,,,,,,,,,,,,,,,,,,,,,,,,,,,,,,,,,,,,,,,,,,,,,,,,,,,,,,,,,,,,,,,,,,,,,,,,,,,,,,,,,,,,,,,,,,,,,,,,,,,,,,,,,,,,,,,,,,,,,,,,,,,,,,,,,,,,,,,,,,,,,,
